provider,runs,successful_runs,expected_runs,run_count_note,tpq,intra_threads,bind_cores,cold_median_s,warm_median_s,warm_min_s,warm_max_s,warm_mean_s,warm_std_dev_s,warm_p25_s,warm_p75_s,warm_whisker_lower_s,warm_whisker_upper_s,warm_ci95_lower_s,warm_ci95_upper_s,warm_ci3sigma_lower_s,warm_ci3sigma_upper_s,warm_3sigma_lower_s,warm_3sigma_upper_s,job_mem_median_mb
DIAG_10_TPQ1_I1_DBCPU_1_____MPI_BOUND,5,5,5,,1,1,1,100.649,87.1718,84.9019,94.0959,89.19466,4.405174082031265,86.0237,93.78,74.38925,105.41444999999999,83.72491393652145,94.66440606347855,76.1524984753159,102.2368215246841,75.9791377539062,102.4101822460938,24298.0
DIAG_1_RAI_OMIT__DBCPU_OMIT__MPI_UNBOUND,5,5,5,,N/A,N/A,-1,97.2217,92.515,86.1656,96.3549,91.3801,3.984909603742601,88.7088,93.1562,82.0377,99.82730000000001,86.43218120893637,96.32801879106363,79.5821928695487,103.17800713045129,79.4253711887722,103.3348288112278,24651.0
DIAG_2_RAI_OMIT__DBCPU_OMIT__MPI_BOUND,5,5,5,,N/A,N/A,-1,101.232,91.0279,88.0719,96.4831,91.72644,3.490890453451665,89.0554,93.9939,81.64765000000003,101.40164999999999,87.39192700227585,96.06095299772414,81.3911487467879,102.06173125321209,81.253768639645,102.19911136035499,24289.0
DIAG_3_RAI_OMIT__DBCPU_96____MPI_UNBOUND,5,5,5,,N/A,N/A,96,102.705,95.3016,88.8143,100.395,94.2333,4.521070165348021,90.9146,95.741,83.67499999999998,102.98060000000001,88.6196499423342,99.8469500576658,80.84801118668935,107.61858881331065,80.67008950395594,107.79651049604406,24311.0
DIAG_4_RAI_OMIT__DBCPU_96____MPI_BOUND,5,5,5,,N/A,N/A,96,104.672,95.5359,90.297,98.2701,94.45194,3.4576932141241206,91.3833,96.7734,83.29815000000002,104.85854999999998,90.1586468191886,98.74523318081138,84.21493402437761,104.68894597562237,84.07886035762763,104.82501964237235,24326.0
DIAG_5_TPQ1_I1__DBCPU_OMIT__MPI_UNBOUND,5,5,5,,1,1,-1,96.5667,90.4367,88.1898,94.7161,90.8341,2.593857585720539,88.941,91.8869,84.52215000000001,96.30574999999999,87.61340041934308,94.05479958065693,83.15460562020121,98.5135943797988,83.0525272428384,98.61567275716162,24296.0
DIAG_6_TPQ1_I1__DBCPU_96____MPI_BOUND,5,5,5,,1,1,96,104.383,94.7403,90.2281,98.0062,94.46796,3.265581390503079,92.2337,97.1315,84.887,104.47820000000002,90.41320515420814,98.52271484579187,84.79972914831369,104.13619085168632,84.67121582849077,104.26470417150924,24292.0
DIAG_7_TPQ96_I1_DBCPU_96____MPI_BOUND,5,5,5,,96,1,96,9.54568,9.13468,8.41914,9.27745,9.03691,0.3508265711145605,9.13076,9.22252,8.993120000000001,9.360159999999997,8.601301277033777,9.472518722966225,7.9982366757627545,10.075583324237247,7.98443028665632,10.089389713343682,24300.0
DIAG_8_TPQ1_I48_DBCPU_96____MPI_BOUND,6,6,5,extra run present,1,48,96,386.95849999999996,363.776,342.618,376.68,363.11216666666667,12.969761931765241,355.424,364.249,342.1864999999999,377.4865000000001,349.501236254506,376.7230970788273,333.9528231664873,392.27151016684604,324.20288087137095,402.0214524619624,24440.5
DIAG_9_TPQ1_I1__DBCPU_1_____MPI_UNBOUND,5,5,5,,1,1,1,97.1609,87.7255,86.1922,95.1152,89.654,3.7792104486254794,87.2103,92.0268,79.98555000000002,99.25154999999998,84.96149044430624,94.34650955569376,78.4650952736697,100.84290472633029,78.31636865412355,100.99163134587644,24299.0
