label,model,provider,tpq,intra_threads,bind_cores,cold_time_s,warm_time_s,solver_rss_mb,job_mem_mb,status
watercnn_AIX,watercnn,AIX,,,,4.99475,0.240057,44815.2,34344,SUCCESS
watercnn_AIX,watercnn,AIX,,,,0.401908,0.23844,45431.2,34071,SUCCESS
watercnn_AIX,watercnn,AIX,,,,0.39949,0.238901,45385.1,34013,SUCCESS
watercnn_AIX,watercnn,AIX,,,,0.392513,0.239452,45363.1,33988,SUCCESS
watercnn_AIX,watercnn,AIX,,,,0.390836,0.24056,45364.9,33976,SUCCESS
watercnn_AIX,watercnn,AIX,,,,0.390297,0.238591,45190.9,33939,SUCCESS
watercnn_AIX,watercnn,AIX,,,,0.399789,0.239965,45314.4,34008,SUCCESS
watercnn_AIX,watercnn,AIX,,,,0.394279,0.238038,45229.3,33837,SUCCESS
watercnn_AIX,watercnn,AIX,,,,0.397209,0.238062,45187.2,34000,SUCCESS
watercnn_AIX,watercnn,AIX,,,,0.390343,0.239256,45295.5,33984,SUCCESS
mmcp_transformer_AIX,mmcp_transformer,AIX,,,,21.3098,19.1564,193373.0,180434,SUCCESS
mmcp_transformer_AIX,mmcp_transformer,AIX,,,,18.8998,19.9726,193965.0,180899,SUCCESS
mmcp_transformer_AIX,mmcp_transformer,AIX,,,,19.0073,19.0718,193423.0,180263,SUCCESS
mmcp_transformer_AIX,mmcp_transformer,AIX,,,,18.684,18.8522,194321.0,181309,SUCCESS
mmcp_transformer_AIX,mmcp_transformer,AIX,,,,19.0366,18.6811,195752.0,182759,SUCCESS
mmcp_transformer_AIX,mmcp_transformer,AIX,,,,19.0417,18.8395,193594.0,180478,SUCCESS
mmcp_transformer_AIX,mmcp_transformer,AIX,,,,19.1001,18.4985,192622.0,179683,SUCCESS
mmcp_transformer_AIX,mmcp_transformer,AIX,,,,19.0471,19.3275,195666.0,182538,SUCCESS
mmcp_transformer_AIX,mmcp_transformer,AIX,,,,18.8927,18.7833,194230.0,181253,SUCCESS
mmcp_transformer_AIX,mmcp_transformer,AIX,,,,18.8908,18.2019,193603.0,180538,SUCCESS
watercnn_PHYDLL_CPP_DLR96_I1,watercnn,PHYDLL_CPP_DLR96_I1,96.0,1.0,0.0,4.86359,1.14355,36742.0,70000,SUCCESS
watercnn_PHYDLL_CPP_DLR96_I1,watercnn,PHYDLL_CPP_DLR96_I1,96.0,1.0,0.0,1.57532,1.44832,36224.3,68808,SUCCESS
watercnn_PHYDLL_CPP_DLR96_I1,watercnn,PHYDLL_CPP_DLR96_I1,96.0,1.0,0.0,1.5995,1.12605,36240.4,68923,SUCCESS
watercnn_PHYDLL_CPP_DLR96_I1,watercnn,PHYDLL_CPP_DLR96_I1,96.0,1.0,0.0,1.69048,1.51912,36203.4,68549,SUCCESS
watercnn_PHYDLL_CPP_DLR96_I1,watercnn,PHYDLL_CPP_DLR96_I1,96.0,1.0,0.0,1.49891,1.37269,36277.0,68359,SUCCESS
watercnn_PHYDLL_CPP_DLR96_I1,watercnn,PHYDLL_CPP_DLR96_I1,96.0,1.0,0.0,1.51787,1.26039,36452.5,69558,SUCCESS
watercnn_PHYDLL_CPP_DLR96_I1,watercnn,PHYDLL_CPP_DLR96_I1,96.0,1.0,0.0,1.56174,1.14872,36201.0,69794,SUCCESS
watercnn_PHYDLL_CPP_DLR96_I1,watercnn,PHYDLL_CPP_DLR96_I1,96.0,1.0,0.0,1.70395,1.47692,36267.6,67589,SUCCESS
watercnn_PHYDLL_CPP_DLR96_I1,watercnn,PHYDLL_CPP_DLR96_I1,96.0,1.0,0.0,1.54151,1.37391,36281.7,68482,SUCCESS
watercnn_PHYDLL_CPP_DLR96_I1,watercnn,PHYDLL_CPP_DLR96_I1,96.0,1.0,0.0,1.59265,1.54355,36393.8,67738,SUCCESS
mmcp_transformer_PHYDLL_CPP_DLR96_I1,mmcp_transformer,PHYDLL_CPP_DLR96_I1,96.0,1.0,0.0,38.9124,46.3609,35195.9,222772,SUCCESS
mmcp_transformer_PHYDLL_CPP_DLR96_I1,mmcp_transformer,PHYDLL_CPP_DLR96_I1,96.0,1.0,0.0,43.7571,45.1467,29009.3,220662,SUCCESS
mmcp_transformer_PHYDLL_CPP_DLR96_I1,mmcp_transformer,PHYDLL_CPP_DLR96_I1,96.0,1.0,0.0,42.7247,39.9887,30164.1,220363,SUCCESS
mmcp_transformer_PHYDLL_CPP_DLR96_I1,mmcp_transformer,PHYDLL_CPP_DLR96_I1,96.0,1.0,0.0,47.6377,42.1204,35255.4,219862,SUCCESS
mmcp_transformer_PHYDLL_CPP_DLR96_I1,mmcp_transformer,PHYDLL_CPP_DLR96_I1,96.0,1.0,0.0,40.5084,36.7978,34020.4,217275,SUCCESS
mmcp_transformer_PHYDLL_CPP_DLR96_I1,mmcp_transformer,PHYDLL_CPP_DLR96_I1,96.0,1.0,0.0,40.3464,48.2026,35477.2,219561,SUCCESS
mmcp_transformer_PHYDLL_CPP_DLR96_I1,mmcp_transformer,PHYDLL_CPP_DLR96_I1,96.0,1.0,0.0,42.7842,41.8055,29010.9,220685,SUCCESS
mmcp_transformer_PHYDLL_CPP_DLR96_I1,mmcp_transformer,PHYDLL_CPP_DLR96_I1,96.0,1.0,0.0,38.3697,40.726,30033.3,219179,SUCCESS
mmcp_transformer_PHYDLL_CPP_DLR96_I1,mmcp_transformer,PHYDLL_CPP_DLR96_I1,96.0,1.0,0.0,41.1785,41.3392,35105.8,219947,SUCCESS
mmcp_transformer_PHYDLL_CPP_DLR96_I1,mmcp_transformer,PHYDLL_CPP_DLR96_I1,96.0,1.0,0.0,44.7935,46.785,35109.7,219652,SUCCESS
watercnn_PHYDLL_PY_DLR96_I1,watercnn,PHYDLL_PY_DLR96_I1,96.0,1.0,0.0,2.31828,1.63082,36505.6,60880,SUCCESS
watercnn_PHYDLL_PY_DLR96_I1,watercnn,PHYDLL_PY_DLR96_I1,96.0,1.0,0.0,1.5798,1.29504,36434.6,61705,SUCCESS
watercnn_PHYDLL_PY_DLR96_I1,watercnn,PHYDLL_PY_DLR96_I1,96.0,1.0,0.0,1.51583,1.23283,36492.8,62258,SUCCESS
watercnn_PHYDLL_PY_DLR96_I1,watercnn,PHYDLL_PY_DLR96_I1,96.0,1.0,0.0,1.62093,1.2392,36439.9,61204,SUCCESS
watercnn_PHYDLL_PY_DLR96_I1,watercnn,PHYDLL_PY_DLR96_I1,96.0,1.0,0.0,1.51794,1.13817,36471.7,62554,SUCCESS
watercnn_PHYDLL_PY_DLR96_I1,watercnn,PHYDLL_PY_DLR96_I1,96.0,1.0,0.0,1.48708,1.22779,36449.2,61637,SUCCESS
watercnn_PHYDLL_PY_DLR96_I1,watercnn,PHYDLL_PY_DLR96_I1,96.0,1.0,0.0,1.40619,1.12587,36472.4,62458,SUCCESS
watercnn_PHYDLL_PY_DLR96_I1,watercnn,PHYDLL_PY_DLR96_I1,96.0,1.0,0.0,1.66142,1.18763,36485.2,61748,SUCCESS
watercnn_PHYDLL_PY_DLR96_I1,watercnn,PHYDLL_PY_DLR96_I1,96.0,1.0,0.0,1.47962,1.3312,36414.5,61721,SUCCESS
watercnn_PHYDLL_PY_DLR96_I1,watercnn,PHYDLL_PY_DLR96_I1,96.0,1.0,0.0,1.4018,1.07966,36433.0,63295,SUCCESS
mmcp_transformer_PHYDLL_PY_DLR96_I1,mmcp_transformer,PHYDLL_PY_DLR96_I1,96.0,1.0,0.0,42.5605,42.8076,34223.1,214097,SUCCESS
mmcp_transformer_PHYDLL_PY_DLR96_I1,mmcp_transformer,PHYDLL_PY_DLR96_I1,96.0,1.0,0.0,44.7295,41.705,28841.5,214786,SUCCESS
mmcp_transformer_PHYDLL_PY_DLR96_I1,mmcp_transformer,PHYDLL_PY_DLR96_I1,96.0,1.0,0.0,48.7925,43.7199,29690.4,216593,SUCCESS
mmcp_transformer_PHYDLL_PY_DLR96_I1,mmcp_transformer,PHYDLL_PY_DLR96_I1,96.0,1.0,0.0,49.9267,45.9035,35418.7,214947,SUCCESS
mmcp_transformer_PHYDLL_PY_DLR96_I1,mmcp_transformer,PHYDLL_PY_DLR96_I1,96.0,1.0,0.0,45.8587,38.9263,34291.1,215180,SUCCESS
mmcp_transformer_PHYDLL_PY_DLR96_I1,mmcp_transformer,PHYDLL_PY_DLR96_I1,96.0,1.0,0.0,58.7244,47.5689,28859.8,215854,SUCCESS
mmcp_transformer_PHYDLL_PY_DLR96_I1,mmcp_transformer,PHYDLL_PY_DLR96_I1,96.0,1.0,0.0,52.1982,55.3992,30110.8,214925,SUCCESS
mmcp_transformer_PHYDLL_PY_DLR96_I1,mmcp_transformer,PHYDLL_PY_DLR96_I1,96.0,1.0,0.0,42.8319,46.085,34240.1,213704,SUCCESS
mmcp_transformer_PHYDLL_PY_DLR96_I1,mmcp_transformer,PHYDLL_PY_DLR96_I1,96.0,1.0,0.0,52.192,44.0072,27858.4,215029,SUCCESS
mmcp_transformer_PHYDLL_PY_DLR96_I1,mmcp_transformer,PHYDLL_PY_DLR96_I1,96.0,1.0,0.0,50.6065,46.0625,31138.6,214045,SUCCESS
watercnn_SS_DEFAULT,watercnn,SS_DEFAULT,,,-1.0,9.61271,9.69604,32081.8,23105,SUCCESS
watercnn_SS_DEFAULT,watercnn,SS_DEFAULT,,,-1.0,9.59532,10.5515,32152.4,23313,SUCCESS
watercnn_SS_DEFAULT,watercnn,SS_DEFAULT,,,-1.0,10.4961,9.97465,32162.9,22981,SUCCESS
watercnn_SS_DEFAULT,watercnn,SS_DEFAULT,,,-1.0,9.95371,9.425,32193.9,23141,SUCCESS
watercnn_SS_DEFAULT,watercnn,SS_DEFAULT,,,-1.0,10.0218,10.0197,32198.6,23157,SUCCESS
watercnn_SS_DEFAULT,watercnn,SS_DEFAULT,,,-1.0,9.94684,9.97533,32174.1,23131,SUCCESS
watercnn_SS_DEFAULT,watercnn,SS_DEFAULT,,,-1.0,9.65288,11.313,32074.3,23565,SUCCESS
watercnn_SS_DEFAULT,watercnn,SS_DEFAULT,,,-1.0,10.3859,9.79421,32223.0,23164,SUCCESS
watercnn_SS_DEFAULT,watercnn,SS_DEFAULT,,,-1.0,10.3886,10.2123,32196.4,22984,SUCCESS
watercnn_SS_DEFAULT,watercnn,SS_DEFAULT,,,-1.0,11.1751,9.21167,32161.5,22975,SUCCESS
mmcp_transformer_SS_DEFAULT,mmcp_transformer,SS_DEFAULT,,,-1.0,846.352,831.436,34674.9,25154,SUCCESS
mmcp_transformer_SS_DEFAULT,mmcp_transformer,SS_DEFAULT,,,-1.0,847.226,897.999,34137.8,24976,SUCCESS
mmcp_transformer_SS_DEFAULT,mmcp_transformer,SS_DEFAULT,,,-1.0,871.447,819.598,34239.6,25291,SUCCESS
mmcp_transformer_SS_DEFAULT,mmcp_transformer,SS_DEFAULT,,,-1.0,853.074,867.069,34436.7,24941,SUCCESS
mmcp_transformer_SS_DEFAULT,mmcp_transformer,SS_DEFAULT,,,-1.0,885.551,850.374,34461.2,24941,SUCCESS
mmcp_transformer_SS_DEFAULT,mmcp_transformer,SS_DEFAULT,,,-1.0,846.961,833.318,34679.3,24920,SUCCESS
mmcp_transformer_SS_DEFAULT,mmcp_transformer,SS_DEFAULT,,,-1.0,850.447,866.515,34466.9,24934,SUCCESS
mmcp_transformer_SS_DEFAULT,mmcp_transformer,SS_DEFAULT,,,-1.0,861.836,871.805,34451.6,24929,SUCCESS
mmcp_transformer_SS_DEFAULT,mmcp_transformer,SS_DEFAULT,,,-1.0,841.945,822.789,34491.9,24930,SUCCESS
mmcp_transformer_SS_DEFAULT,mmcp_transformer,SS_DEFAULT,,,-1.0,850.537,894.347,34550.2,24913,SUCCESS
watercnn_SS_TPQ1_I96_B96,watercnn,SS_TPQ1_I96_B96,1.0,96.0,96.0,49.6769,44.8616,32528.3,23040,SUCCESS
watercnn_SS_TPQ1_I96_B96,watercnn,SS_TPQ1_I96_B96,1.0,96.0,96.0,50.2594,45.4143,32521.7,23596,SUCCESS
watercnn_SS_TPQ1_I96_B96,watercnn,SS_TPQ1_I96_B96,1.0,96.0,96.0,48.8828,43.3207,32520.1,23045,SUCCESS
watercnn_SS_TPQ1_I96_B96,watercnn,SS_TPQ1_I96_B96,1.0,96.0,96.0,49.9049,43.8916,32538.7,23097,SUCCESS
watercnn_SS_TPQ1_I96_B96,watercnn,SS_TPQ1_I96_B96,1.0,96.0,96.0,49.5995,44.8882,32516.3,23042,SUCCESS
watercnn_SS_TPQ1_I96_B96,watercnn,SS_TPQ1_I96_B96,1.0,96.0,96.0,51.0961,43.7207,32531.7,23141,SUCCESS
watercnn_SS_TPQ1_I96_B96,watercnn,SS_TPQ1_I96_B96,1.0,96.0,96.0,48.8978,44.9196,32527.8,23129,SUCCESS
watercnn_SS_TPQ1_I96_B96,watercnn,SS_TPQ1_I96_B96,1.0,96.0,96.0,47.5596,44.5692,32517.7,23409,SUCCESS
watercnn_SS_TPQ1_I96_B96,watercnn,SS_TPQ1_I96_B96,1.0,96.0,96.0,47.4749,44.091,32529.5,23075,SUCCESS
watercnn_SS_TPQ1_I96_B96,watercnn,SS_TPQ1_I96_B96,1.0,96.0,96.0,48.7387,44.1868,32533.5,23112,SUCCESS
mmcp_transformer_SS_TPQ1_I96_B96,mmcp_transformer,SS_TPQ1_I96_B96,1.0,96.0,96.0,971.833,979.342,35005.9,24932,SUCCESS
mmcp_transformer_SS_TPQ1_I96_B96,mmcp_transformer,SS_TPQ1_I96_B96,1.0,96.0,96.0,971.467,988.531,34920.4,24929,SUCCESS
mmcp_transformer_SS_TPQ1_I96_B96,mmcp_transformer,SS_TPQ1_I96_B96,1.0,96.0,96.0,986.44,970.928,35026.5,25266,SUCCESS
mmcp_transformer_SS_TPQ1_I96_B96,mmcp_transformer,SS_TPQ1_I96_B96,1.0,96.0,96.0,986.857,967.764,35065.9,24930,SUCCESS
mmcp_transformer_SS_TPQ1_I96_B96,mmcp_transformer,SS_TPQ1_I96_B96,1.0,96.0,96.0,976.052,978.891,35042.7,24944,SUCCESS
mmcp_transformer_SS_TPQ1_I96_B96,mmcp_transformer,SS_TPQ1_I96_B96,1.0,96.0,96.0,981.206,984.422,35093.3,25004,SUCCESS
mmcp_transformer_SS_TPQ1_I96_B96,mmcp_transformer,SS_TPQ1_I96_B96,1.0,96.0,96.0,974.347,973.92,35028.4,24948,SUCCESS
mmcp_transformer_SS_TPQ1_I96_B96,mmcp_transformer,SS_TPQ1_I96_B96,1.0,96.0,96.0,998.955,949.851,35075.6,24975,SUCCESS
mmcp_transformer_SS_TPQ1_I96_B96,mmcp_transformer,SS_TPQ1_I96_B96,1.0,96.0,96.0,983.182,964.59,35038.7,24939,SUCCESS
mmcp_transformer_SS_TPQ1_I96_B96,mmcp_transformer,SS_TPQ1_I96_B96,1.0,96.0,96.0,978.718,960.454,35119.4,25183,SUCCESS
watercnn_SS_TPQ1_I96_B96_BATCH100,watercnn,SS_TPQ1_I96_B96_BATCH100,1.0,96.0,96.0,3.14176,2.9395,32496.6,35501,SUCCESS
watercnn_SS_TPQ1_I96_B96_BATCH100,watercnn,SS_TPQ1_I96_B96_BATCH100,1.0,96.0,96.0,3.12032,3.00239,32541.7,35297,SUCCESS
watercnn_SS_TPQ1_I96_B96_BATCH100,watercnn,SS_TPQ1_I96_B96_BATCH100,1.0,96.0,96.0,3.13319,3.01145,32520.8,35196,SUCCESS
watercnn_SS_TPQ1_I96_B96_BATCH100,watercnn,SS_TPQ1_I96_B96_BATCH100,1.0,96.0,96.0,3.13789,2.9394,32531.9,35211,SUCCESS
watercnn_SS_TPQ1_I96_B96_BATCH100,watercnn,SS_TPQ1_I96_B96_BATCH100,1.0,96.0,96.0,3.21408,2.99232,32521.3,35374,SUCCESS
watercnn_SS_TPQ1_I96_B96_BATCH100,watercnn,SS_TPQ1_I96_B96_BATCH100,1.0,96.0,96.0,3.16509,3.3273,32520.2,35208,SUCCESS
watercnn_SS_TPQ1_I96_B96_BATCH100,watercnn,SS_TPQ1_I96_B96_BATCH100,1.0,96.0,96.0,3.15002,2.94128,32520.7,35205,SUCCESS
watercnn_SS_TPQ1_I96_B96_BATCH100,watercnn,SS_TPQ1_I96_B96_BATCH100,1.0,96.0,96.0,3.17694,3.19428,32527.8,35231,SUCCESS
watercnn_SS_TPQ1_I96_B96_BATCH100,watercnn,SS_TPQ1_I96_B96_BATCH100,1.0,96.0,96.0,3.07535,3.00284,32525.3,35228,SUCCESS
watercnn_SS_TPQ1_I96_B96_BATCH100,watercnn,SS_TPQ1_I96_B96_BATCH100,1.0,96.0,96.0,3.23164,2.79247,32533.7,35335,SUCCESS
mmcp_transformer_SS_TPQ1_I96_B96_BATCH100,mmcp_transformer,SS_TPQ1_I96_B96_BATCH100,1.0,96.0,96.0,50.3308,48.1667,35032.5,35030,SUCCESS
mmcp_transformer_SS_TPQ1_I96_B96_BATCH100,mmcp_transformer,SS_TPQ1_I96_B96_BATCH100,1.0,96.0,96.0,48.5392,48.0973,35036.1,35228,SUCCESS
mmcp_transformer_SS_TPQ1_I96_B96_BATCH100,mmcp_transformer,SS_TPQ1_I96_B96_BATCH100,1.0,96.0,96.0,49.4653,46.9474,35034.0,35262,SUCCESS
mmcp_transformer_SS_TPQ1_I96_B96_BATCH100,mmcp_transformer,SS_TPQ1_I96_B96_BATCH100,1.0,96.0,96.0,48.4521,48.3669,35036.8,35239,SUCCESS
mmcp_transformer_SS_TPQ1_I96_B96_BATCH100,mmcp_transformer,SS_TPQ1_I96_B96_BATCH100,1.0,96.0,96.0,49.4818,45.9984,35032.3,35521,SUCCESS
mmcp_transformer_SS_TPQ1_I96_B96_BATCH100,mmcp_transformer,SS_TPQ1_I96_B96_BATCH100,1.0,96.0,96.0,50.7597,46.2932,35037.8,35241,SUCCESS
mmcp_transformer_SS_TPQ1_I96_B96_BATCH100,mmcp_transformer,SS_TPQ1_I96_B96_BATCH100,1.0,96.0,96.0,48.8964,48.5829,35034.8,35227,SUCCESS
mmcp_transformer_SS_TPQ1_I96_B96_BATCH100,mmcp_transformer,SS_TPQ1_I96_B96_BATCH100,1.0,96.0,96.0,49.489,46.2922,35044.3,35238,SUCCESS
mmcp_transformer_SS_TPQ1_I96_B96_BATCH100,mmcp_transformer,SS_TPQ1_I96_B96_BATCH100,1.0,96.0,96.0,50.1449,47.8733,35048.7,35106,SUCCESS
mmcp_transformer_SS_TPQ1_I96_B96_BATCH100,mmcp_transformer,SS_TPQ1_I96_B96_BATCH100,1.0,96.0,96.0,50.3032,46.6327,35043.6,35343,SUCCESS
watercnn_SS_TPQ96_I1_B96,watercnn,SS_TPQ96_I1_B96,96.0,1.0,96.0,1.43619,1.78779,32524.1,31851,SUCCESS
watercnn_SS_TPQ96_I1_B96,watercnn,SS_TPQ96_I1_B96,96.0,1.0,96.0,1.41459,1.60822,32539.9,31829,SUCCESS
watercnn_SS_TPQ96_I1_B96,watercnn,SS_TPQ96_I1_B96,96.0,1.0,96.0,1.43585,1.71037,32505.5,32764,SUCCESS
watercnn_SS_TPQ96_I1_B96,watercnn,SS_TPQ96_I1_B96,96.0,1.0,96.0,1.36955,1.93479,32526.0,33379,SUCCESS
watercnn_SS_TPQ96_I1_B96,watercnn,SS_TPQ96_I1_B96,96.0,1.0,96.0,1.6018,1.55563,32507.7,34133,SUCCESS
watercnn_SS_TPQ96_I1_B96,watercnn,SS_TPQ96_I1_B96,96.0,1.0,96.0,1.35033,1.58421,32527.4,32730,SUCCESS
watercnn_SS_TPQ96_I1_B96,watercnn,SS_TPQ96_I1_B96,96.0,1.0,96.0,1.5731,1.33416,32517.4,35973,SUCCESS
watercnn_SS_TPQ96_I1_B96,watercnn,SS_TPQ96_I1_B96,96.0,1.0,96.0,1.63303,1.61246,32522.2,33956,SUCCESS
watercnn_SS_TPQ96_I1_B96,watercnn,SS_TPQ96_I1_B96,96.0,1.0,96.0,1.63476,1.48476,32534.8,33069,SUCCESS
watercnn_SS_TPQ96_I1_B96,watercnn,SS_TPQ96_I1_B96,96.0,1.0,96.0,1.55447,1.9521,32519.1,34370,SUCCESS
mmcp_transformer_SS_TPQ96_I1_B96,mmcp_transformer,SS_TPQ96_I1_B96,96.0,1.0,96.0,19.4114,19.3041,35053.7,41120,SUCCESS
mmcp_transformer_SS_TPQ96_I1_B96,mmcp_transformer,SS_TPQ96_I1_B96,96.0,1.0,96.0,19.8404,20.2179,35048.0,41354,SUCCESS
mmcp_transformer_SS_TPQ96_I1_B96,mmcp_transformer,SS_TPQ96_I1_B96,96.0,1.0,96.0,20.4838,19.2979,35046.4,41822,SUCCESS
mmcp_transformer_SS_TPQ96_I1_B96,mmcp_transformer,SS_TPQ96_I1_B96,96.0,1.0,96.0,18.6072,20.41,35024.2,40991,SUCCESS
mmcp_transformer_SS_TPQ96_I1_B96,mmcp_transformer,SS_TPQ96_I1_B96,96.0,1.0,96.0,19.9604,20.3585,35047.3,41115,SUCCESS
mmcp_transformer_SS_TPQ96_I1_B96,mmcp_transformer,SS_TPQ96_I1_B96,96.0,1.0,96.0,20.2163,19.7871,35036.4,41668,SUCCESS
mmcp_transformer_SS_TPQ96_I1_B96,mmcp_transformer,SS_TPQ96_I1_B96,96.0,1.0,96.0,20.2305,19.6335,35041.6,41029,SUCCESS
mmcp_transformer_SS_TPQ96_I1_B96,mmcp_transformer,SS_TPQ96_I1_B96,96.0,1.0,96.0,19.5878,18.9788,35041.7,41009,SUCCESS
mmcp_transformer_SS_TPQ96_I1_B96,mmcp_transformer,SS_TPQ96_I1_B96,96.0,1.0,96.0,19.6653,19.5546,35041.1,40853,SUCCESS
mmcp_transformer_SS_TPQ96_I1_B96,mmcp_transformer,SS_TPQ96_I1_B96,96.0,1.0,96.0,20.0657,20.4519,35052.5,40839,SUCCESS
watercnn_SS_TPQ1_I1_B96,watercnn,SS_TPQ1_I1_B96,1.0,1.0,96.0,8.99207,9.20704,32471.6,23357,SUCCESS
watercnn_SS_TPQ1_I1_B96,watercnn,SS_TPQ1_I1_B96,1.0,1.0,96.0,8.98057,9.2508,32600.4,23077,SUCCESS
watercnn_SS_TPQ1_I1_B96,watercnn,SS_TPQ1_I1_B96,1.0,1.0,96.0,10.0421,9.79935,32625.1,23090,SUCCESS
watercnn_SS_TPQ1_I1_B96,watercnn,SS_TPQ1_I1_B96,1.0,1.0,96.0,8.89278,9.511,32606.9,23072,SUCCESS
watercnn_SS_TPQ1_I1_B96,watercnn,SS_TPQ1_I1_B96,1.0,1.0,96.0,9.35691,10.4144,32616.4,23091,SUCCESS
watercnn_SS_TPQ1_I1_B96,watercnn,SS_TPQ1_I1_B96,1.0,1.0,96.0,10.2011,10.0599,32609.2,23073,SUCCESS
watercnn_SS_TPQ1_I1_B96,watercnn,SS_TPQ1_I1_B96,1.0,1.0,96.0,9.04337,8.84357,32607.7,23133,SUCCESS
watercnn_SS_TPQ1_I1_B96,watercnn,SS_TPQ1_I1_B96,1.0,1.0,96.0,10.1057,9.34497,32619.4,23073,SUCCESS
watercnn_SS_TPQ1_I1_B96,watercnn,SS_TPQ1_I1_B96,1.0,1.0,96.0,8.8711,8.79057,32602.2,23122,SUCCESS
watercnn_SS_TPQ1_I1_B96,watercnn,SS_TPQ1_I1_B96,1.0,1.0,96.0,9.16042,10.6035,32606.3,23330,SUCCESS
mmcp_transformer_SS_TPQ1_I1_B96,mmcp_transformer,SS_TPQ1_I1_B96,1.0,1.0,96.0,834.741,823.282,35165.4,25156,SUCCESS
mmcp_transformer_SS_TPQ1_I1_B96,mmcp_transformer,SS_TPQ1_I1_B96,1.0,1.0,96.0,833.592,819.269,35118.1,24929,SUCCESS
mmcp_transformer_SS_TPQ1_I1_B96,mmcp_transformer,SS_TPQ1_I1_B96,1.0,1.0,96.0,835.892,824.553,34975.8,25263,SUCCESS
mmcp_transformer_SS_TPQ1_I1_B96,mmcp_transformer,SS_TPQ1_I1_B96,1.0,1.0,96.0,842.011,825.356,35156.4,24969,SUCCESS
mmcp_transformer_SS_TPQ1_I1_B96,mmcp_transformer,SS_TPQ1_I1_B96,1.0,1.0,96.0,829.717,826.3,35004.9,24922,SUCCESS
mmcp_transformer_SS_TPQ1_I1_B96,mmcp_transformer,SS_TPQ1_I1_B96,1.0,1.0,96.0,835.485,837.128,34964.2,25181,SUCCESS
mmcp_transformer_SS_TPQ1_I1_B96,mmcp_transformer,SS_TPQ1_I1_B96,1.0,1.0,96.0,843.078,814.957,35110.5,24952,SUCCESS
mmcp_transformer_SS_TPQ1_I1_B96,mmcp_transformer,SS_TPQ1_I1_B96,1.0,1.0,96.0,853.245,835.768,35106.2,24919,SUCCESS
mmcp_transformer_SS_TPQ1_I1_B96,mmcp_transformer,SS_TPQ1_I1_B96,1.0,1.0,96.0,832.508,828.029,35116.2,24929,SUCCESS
mmcp_transformer_SS_TPQ1_I1_B96,mmcp_transformer,SS_TPQ1_I1_B96,1.0,1.0,96.0,833.68,841.702,35181.8,24922,SUCCESS
watercnn_SS_TPQ1_I1_B96_BATCH10,watercnn,SS_TPQ1_I1_B96_BATCH10,1.0,1.0,96.0,10.9291,11.8252,32590.3,23637,SUCCESS
watercnn_SS_TPQ1_I1_B96_BATCH10,watercnn,SS_TPQ1_I1_B96_BATCH10,1.0,1.0,96.0,10.9816,11.0811,32594.2,23620,SUCCESS
watercnn_SS_TPQ1_I1_B96_BATCH10,watercnn,SS_TPQ1_I1_B96_BATCH10,1.0,1.0,96.0,11.1791,10.9351,32606.6,23621,SUCCESS
watercnn_SS_TPQ1_I1_B96_BATCH10,watercnn,SS_TPQ1_I1_B96_BATCH10,1.0,1.0,96.0,11.2714,10.4882,32609.1,23612,SUCCESS
watercnn_SS_TPQ1_I1_B96_BATCH10,watercnn,SS_TPQ1_I1_B96_BATCH10,1.0,1.0,96.0,10.8595,11.3892,32648.0,23666,SUCCESS
watercnn_SS_TPQ1_I1_B96_BATCH10,watercnn,SS_TPQ1_I1_B96_BATCH10,1.0,1.0,96.0,11.1518,10.8953,32594.8,23619,SUCCESS
watercnn_SS_TPQ1_I1_B96_BATCH10,watercnn,SS_TPQ1_I1_B96_BATCH10,1.0,1.0,96.0,11.0246,10.9145,32592.1,23634,SUCCESS
watercnn_SS_TPQ1_I1_B96_BATCH10,watercnn,SS_TPQ1_I1_B96_BATCH10,1.0,1.0,96.0,11.0358,11.757,32593.7,23685,SUCCESS
watercnn_SS_TPQ1_I1_B96_BATCH10,watercnn,SS_TPQ1_I1_B96_BATCH10,1.0,1.0,96.0,11.1216,11.2329,32592.9,23654,SUCCESS
watercnn_SS_TPQ1_I1_B96_BATCH10,watercnn,SS_TPQ1_I1_B96_BATCH10,1.0,1.0,96.0,10.8936,11.0398,32611.5,23653,SUCCESS
mmcp_transformer_SS_TPQ1_I1_B96_BATCH10,mmcp_transformer,SS_TPQ1_I1_B96_BATCH10,1.0,1.0,96.0,828.506,825.098,35102.9,25289,SUCCESS
mmcp_transformer_SS_TPQ1_I1_B96_BATCH10,mmcp_transformer,SS_TPQ1_I1_B96_BATCH10,1.0,1.0,96.0,843.421,812.937,35103.0,25131,SUCCESS
mmcp_transformer_SS_TPQ1_I1_B96_BATCH10,mmcp_transformer,SS_TPQ1_I1_B96_BATCH10,1.0,1.0,96.0,865.434,810.166,34992.4,25333,SUCCESS
mmcp_transformer_SS_TPQ1_I1_B96_BATCH10,mmcp_transformer,SS_TPQ1_I1_B96_BATCH10,1.0,1.0,96.0,846.899,827.931,34974.1,25426,SUCCESS
mmcp_transformer_SS_TPQ1_I1_B96_BATCH10,mmcp_transformer,SS_TPQ1_I1_B96_BATCH10,1.0,1.0,96.0,838.758,787.54,34990.7,25961,SUCCESS
mmcp_transformer_SS_TPQ1_I1_B96_BATCH10,mmcp_transformer,SS_TPQ1_I1_B96_BATCH10,1.0,1.0,96.0,824.839,799.622,35165.6,25817,SUCCESS
mmcp_transformer_SS_TPQ1_I1_B96_BATCH10,mmcp_transformer,SS_TPQ1_I1_B96_BATCH10,1.0,1.0,96.0,851.536,815.549,34994.5,24991,SUCCESS
mmcp_transformer_SS_TPQ1_I1_B96_BATCH10,mmcp_transformer,SS_TPQ1_I1_B96_BATCH10,1.0,1.0,96.0,846.543,812.742,35161.4,25478,SUCCESS
mmcp_transformer_SS_TPQ1_I1_B96_BATCH10,mmcp_transformer,SS_TPQ1_I1_B96_BATCH10,1.0,1.0,96.0,809.143,827.1,35108.6,25118,SUCCESS
mmcp_transformer_SS_TPQ1_I1_B96_BATCH10,mmcp_transformer,SS_TPQ1_I1_B96_BATCH10,1.0,1.0,96.0,846.948,829.996,34991.5,24928,SUCCESS
watercnn_SS_TPQ1_I1_B96_BATCH100,watercnn,SS_TPQ1_I1_B96_BATCH100,1.0,1.0,96.0,13.7195,12.7506,32602.9,35261,SUCCESS
watercnn_SS_TPQ1_I1_B96_BATCH100,watercnn,SS_TPQ1_I1_B96_BATCH100,1.0,1.0,96.0,13.9066,12.0674,32597.8,35534,SUCCESS
watercnn_SS_TPQ1_I1_B96_BATCH100,watercnn,SS_TPQ1_I1_B96_BATCH100,1.0,1.0,96.0,13.8892,12.4347,32604.8,35208,SUCCESS
watercnn_SS_TPQ1_I1_B96_BATCH100,watercnn,SS_TPQ1_I1_B96_BATCH100,1.0,1.0,96.0,16.1628,12.5409,32602.2,35203,SUCCESS
watercnn_SS_TPQ1_I1_B96_BATCH100,watercnn,SS_TPQ1_I1_B96_BATCH100,1.0,1.0,96.0,15.8056,12.4165,32597.5,35300,SUCCESS
watercnn_SS_TPQ1_I1_B96_BATCH100,watercnn,SS_TPQ1_I1_B96_BATCH100,1.0,1.0,96.0,14.0697,12.3354,32584.4,35219,SUCCESS
watercnn_SS_TPQ1_I1_B96_BATCH100,watercnn,SS_TPQ1_I1_B96_BATCH100,1.0,1.0,96.0,14.2858,12.1596,32604.9,35373,SUCCESS
watercnn_SS_TPQ1_I1_B96_BATCH100,watercnn,SS_TPQ1_I1_B96_BATCH100,1.0,1.0,96.0,15.4164,12.3707,32596.4,35179,SUCCESS
watercnn_SS_TPQ1_I1_B96_BATCH100,watercnn,SS_TPQ1_I1_B96_BATCH100,1.0,1.0,96.0,13.9691,12.4243,32599.1,35203,SUCCESS
watercnn_SS_TPQ1_I1_B96_BATCH100,watercnn,SS_TPQ1_I1_B96_BATCH100,1.0,1.0,96.0,14.3624,12.4263,32594.6,35084,SUCCESS
mmcp_transformer_SS_TPQ1_I1_B96_BATCH100,mmcp_transformer,SS_TPQ1_I1_B96_BATCH100,1.0,1.0,96.0,763.703,760.158,35114.0,35284,SUCCESS
mmcp_transformer_SS_TPQ1_I1_B96_BATCH100,mmcp_transformer,SS_TPQ1_I1_B96_BATCH100,1.0,1.0,96.0,759.494,758.454,35166.5,35017,SUCCESS
mmcp_transformer_SS_TPQ1_I1_B96_BATCH100,mmcp_transformer,SS_TPQ1_I1_B96_BATCH100,1.0,1.0,96.0,763.524,759.502,34992.0,35307,SUCCESS
mmcp_transformer_SS_TPQ1_I1_B96_BATCH100,mmcp_transformer,SS_TPQ1_I1_B96_BATCH100,1.0,1.0,96.0,770.759,759.143,35083.7,34888,SUCCESS
mmcp_transformer_SS_TPQ1_I1_B96_BATCH100,mmcp_transformer,SS_TPQ1_I1_B96_BATCH100,1.0,1.0,96.0,765.979,760.55,34991.5,35014,SUCCESS
mmcp_transformer_SS_TPQ1_I1_B96_BATCH100,mmcp_transformer,SS_TPQ1_I1_B96_BATCH100,1.0,1.0,96.0,772.112,760.428,35170.3,35034,SUCCESS
mmcp_transformer_SS_TPQ1_I1_B96_BATCH100,mmcp_transformer,SS_TPQ1_I1_B96_BATCH100,1.0,1.0,96.0,762.691,761.271,35163.4,35017,SUCCESS
mmcp_transformer_SS_TPQ1_I1_B96_BATCH100,mmcp_transformer,SS_TPQ1_I1_B96_BATCH100,1.0,1.0,96.0,768.72,770.336,34985.8,35308,SUCCESS
mmcp_transformer_SS_TPQ1_I1_B96_BATCH100,mmcp_transformer,SS_TPQ1_I1_B96_BATCH100,1.0,1.0,96.0,765.665,760.778,34994.6,35004,SUCCESS
mmcp_transformer_SS_TPQ1_I1_B96_BATCH100,mmcp_transformer,SS_TPQ1_I1_B96_BATCH100,1.0,1.0,96.0,765.556,758.197,34972.2,34962,SUCCESS
watercnn_SS_TPQ1_I1_B1,watercnn,SS_TPQ1_I1_B1,1.0,1.0,1.0,10.1159,11.1027,32457.3,23334,SUCCESS
watercnn_SS_TPQ1_I1_B1,watercnn,SS_TPQ1_I1_B1,1.0,1.0,1.0,9.44152,10.0028,32602.9,23074,SUCCESS
watercnn_SS_TPQ1_I1_B1,watercnn,SS_TPQ1_I1_B1,1.0,1.0,1.0,10.063,9.77582,32614.7,23133,SUCCESS
watercnn_SS_TPQ1_I1_B1,watercnn,SS_TPQ1_I1_B1,1.0,1.0,1.0,9.79581,10.7695,32600.4,23116,SUCCESS
watercnn_SS_TPQ1_I1_B1,watercnn,SS_TPQ1_I1_B1,1.0,1.0,1.0,9.1536,9.55794,32576.8,23434,SUCCESS
watercnn_SS_TPQ1_I1_B1,watercnn,SS_TPQ1_I1_B1,1.0,1.0,1.0,10.1808,9.31346,32610.5,23051,SUCCESS
watercnn_SS_TPQ1_I1_B1,watercnn,SS_TPQ1_I1_B1,1.0,1.0,1.0,9.37503,10.1644,32608.5,23085,SUCCESS
watercnn_SS_TPQ1_I1_B1,watercnn,SS_TPQ1_I1_B1,1.0,1.0,1.0,9.51795,9.25961,32611.1,23202,SUCCESS
watercnn_SS_TPQ1_I1_B1,watercnn,SS_TPQ1_I1_B1,1.0,1.0,1.0,9.48361,9.61487,32593.5,23092,SUCCESS
watercnn_SS_TPQ1_I1_B1,watercnn,SS_TPQ1_I1_B1,1.0,1.0,1.0,9.20327,9.78145,32586.8,23526,SUCCESS
mmcp_transformer_SS_TPQ1_I1_B1,mmcp_transformer,SS_TPQ1_I1_B1,1.0,1.0,1.0,850.414,959.388,35121.2,25175,SUCCESS
mmcp_transformer_SS_TPQ1_I1_B1,mmcp_transformer,SS_TPQ1_I1_B1,1.0,1.0,1.0,861.362,814.943,35116.5,24928,SUCCESS
mmcp_transformer_SS_TPQ1_I1_B1,mmcp_transformer,SS_TPQ1_I1_B1,1.0,1.0,1.0,850.248,827.501,35099.6,25267,SUCCESS
mmcp_transformer_SS_TPQ1_I1_B1,mmcp_transformer,SS_TPQ1_I1_B1,1.0,1.0,1.0,835.179,842.115,35172.2,24926,SUCCESS
mmcp_transformer_SS_TPQ1_I1_B1,mmcp_transformer,SS_TPQ1_I1_B1,1.0,1.0,1.0,853.022,844.593,34983.9,25373,SUCCESS
mmcp_transformer_SS_TPQ1_I1_B1,mmcp_transformer,SS_TPQ1_I1_B1,1.0,1.0,1.0,863.47,888.635,35058.8,25251,SUCCESS
mmcp_transformer_SS_TPQ1_I1_B1,mmcp_transformer,SS_TPQ1_I1_B1,1.0,1.0,1.0,845.972,851.752,34978.9,25423,SUCCESS
mmcp_transformer_SS_TPQ1_I1_B1,mmcp_transformer,SS_TPQ1_I1_B1,1.0,1.0,1.0,846.089,838.048,35111.2,24924,SUCCESS
mmcp_transformer_SS_TPQ1_I1_B1,mmcp_transformer,SS_TPQ1_I1_B1,1.0,1.0,1.0,864.988,835.768,34974.5,25326,SUCCESS
mmcp_transformer_SS_TPQ1_I1_B1,mmcp_transformer,SS_TPQ1_I1_B1,1.0,1.0,1.0,851.643,830.961,35098.1,24922,SUCCESS
watercnn_SS_TPQ2_I48_B96,watercnn,SS_TPQ2_I48_B96,2.0,48.0,96.0,21.2378,23.007,32455.7,23294,SUCCESS
watercnn_SS_TPQ2_I48_B96,watercnn,SS_TPQ2_I48_B96,2.0,48.0,96.0,21.6772,22.2187,32536.4,23340,SUCCESS
watercnn_SS_TPQ2_I48_B96,watercnn,SS_TPQ2_I48_B96,2.0,48.0,96.0,21.0288,23.4536,32477.6,23339,SUCCESS
watercnn_SS_TPQ2_I48_B96,watercnn,SS_TPQ2_I48_B96,2.0,48.0,96.0,20.6367,23.3012,32614.1,23116,SUCCESS
watercnn_SS_TPQ2_I48_B96,watercnn,SS_TPQ2_I48_B96,2.0,48.0,96.0,20.5555,24.1045,32472.1,23233,SUCCESS
watercnn_SS_TPQ2_I48_B96,watercnn,SS_TPQ2_I48_B96,2.0,48.0,96.0,20.0907,23.0895,32590.9,23086,SUCCESS
watercnn_SS_TPQ2_I48_B96,watercnn,SS_TPQ2_I48_B96,2.0,48.0,96.0,21.3593,20.9797,32601.3,23068,SUCCESS
watercnn_SS_TPQ2_I48_B96,watercnn,SS_TPQ2_I48_B96,2.0,48.0,96.0,20.416,22.9873,32592.4,23079,SUCCESS
watercnn_SS_TPQ2_I48_B96,watercnn,SS_TPQ2_I48_B96,2.0,48.0,96.0,20.7801,21.6399,32577.1,23159,SUCCESS
watercnn_SS_TPQ2_I48_B96,watercnn,SS_TPQ2_I48_B96,2.0,48.0,96.0,21.1101,23.133,32591.3,23113,SUCCESS
mmcp_transformer_SS_TPQ2_I48_B96,mmcp_transformer,SS_TPQ2_I48_B96,2.0,48.0,96.0,485.717,466.663,35101.3,25451,SUCCESS
mmcp_transformer_SS_TPQ2_I48_B96,mmcp_transformer,SS_TPQ2_I48_B96,2.0,48.0,96.0,474.217,479.984,34970.1,25622,SUCCESS
mmcp_transformer_SS_TPQ2_I48_B96,mmcp_transformer,SS_TPQ2_I48_B96,2.0,48.0,96.0,477.898,469.595,35120.4,25053,SUCCESS
mmcp_transformer_SS_TPQ2_I48_B96,mmcp_transformer,SS_TPQ2_I48_B96,2.0,48.0,96.0,498.436,484.473,34977.9,25198,SUCCESS
mmcp_transformer_SS_TPQ2_I48_B96,mmcp_transformer,SS_TPQ2_I48_B96,2.0,48.0,96.0,472.045,471.847,35115.7,24934,SUCCESS
mmcp_transformer_SS_TPQ2_I48_B96,mmcp_transformer,SS_TPQ2_I48_B96,2.0,48.0,96.0,480.156,464.047,34972.1,25036,SUCCESS
mmcp_transformer_SS_TPQ2_I48_B96,mmcp_transformer,SS_TPQ2_I48_B96,2.0,48.0,96.0,473.084,476.644,35101.7,25334,SUCCESS
mmcp_transformer_SS_TPQ2_I48_B96,mmcp_transformer,SS_TPQ2_I48_B96,2.0,48.0,96.0,512.735,502.415,35114.4,24959,SUCCESS
mmcp_transformer_SS_TPQ2_I48_B96,mmcp_transformer,SS_TPQ2_I48_B96,2.0,48.0,96.0,473.345,469.824,35109.2,25222,SUCCESS
mmcp_transformer_SS_TPQ2_I48_B96,mmcp_transformer,SS_TPQ2_I48_B96,2.0,48.0,96.0,475.157,464.318,35094.1,25243,SUCCESS
watercnn_SS_TPQ4_I24_B96,watercnn,SS_TPQ4_I24_B96,4.0,24.0,96.0,9.20919,9.64264,32584.3,23479,SUCCESS
watercnn_SS_TPQ4_I24_B96,watercnn,SS_TPQ4_I24_B96,4.0,24.0,96.0,9.07415,9.88786,32578.6,23210,SUCCESS
watercnn_SS_TPQ4_I24_B96,watercnn,SS_TPQ4_I24_B96,4.0,24.0,96.0,9.77359,10.8548,32610.3,23196,SUCCESS
watercnn_SS_TPQ4_I24_B96,watercnn,SS_TPQ4_I24_B96,4.0,24.0,96.0,9.43809,12.2802,32607.5,23217,SUCCESS
watercnn_SS_TPQ4_I24_B96,watercnn,SS_TPQ4_I24_B96,4.0,24.0,96.0,9.16714,10.1314,32584.8,23249,SUCCESS
watercnn_SS_TPQ4_I24_B96,watercnn,SS_TPQ4_I24_B96,4.0,24.0,96.0,9.29503,10.2384,32610.0,23268,SUCCESS
watercnn_SS_TPQ4_I24_B96,watercnn,SS_TPQ4_I24_B96,4.0,24.0,96.0,9.17319,11.545,32597.3,23398,SUCCESS
watercnn_SS_TPQ4_I24_B96,watercnn,SS_TPQ4_I24_B96,4.0,24.0,96.0,10.2133,10.2771,32589.9,23234,SUCCESS
watercnn_SS_TPQ4_I24_B96,watercnn,SS_TPQ4_I24_B96,4.0,24.0,96.0,9.57845,9.07353,32586.9,23218,SUCCESS
watercnn_SS_TPQ4_I24_B96,watercnn,SS_TPQ4_I24_B96,4.0,24.0,96.0,9.62963,9.88704,32588.5,23190,SUCCESS
mmcp_transformer_SS_TPQ4_I24_B96,mmcp_transformer,SS_TPQ4_I24_B96,4.0,24.0,96.0,276.586,265.201,34977.0,25538,SUCCESS
mmcp_transformer_SS_TPQ4_I24_B96,mmcp_transformer,SS_TPQ4_I24_B96,4.0,24.0,96.0,290.885,262.692,35117.6,25373,SUCCESS
mmcp_transformer_SS_TPQ4_I24_B96,mmcp_transformer,SS_TPQ4_I24_B96,4.0,24.0,96.0,274.042,263.337,35101.8,25626,SUCCESS
mmcp_transformer_SS_TPQ4_I24_B96,mmcp_transformer,SS_TPQ4_I24_B96,4.0,24.0,96.0,280.964,264.077,35096.0,25519,SUCCESS
mmcp_transformer_SS_TPQ4_I24_B96,mmcp_transformer,SS_TPQ4_I24_B96,4.0,24.0,96.0,285.036,277.27,35096.0,25295,SUCCESS
mmcp_transformer_SS_TPQ4_I24_B96,mmcp_transformer,SS_TPQ4_I24_B96,4.0,24.0,96.0,283.057,273.51,35048.3,25276,SUCCESS
mmcp_transformer_SS_TPQ4_I24_B96,mmcp_transformer,SS_TPQ4_I24_B96,4.0,24.0,96.0,278.576,272.784,35045.1,25281,SUCCESS
mmcp_transformer_SS_TPQ4_I24_B96,mmcp_transformer,SS_TPQ4_I24_B96,4.0,24.0,96.0,290.358,265.301,34979.0,25519,SUCCESS
mmcp_transformer_SS_TPQ4_I24_B96,mmcp_transformer,SS_TPQ4_I24_B96,4.0,24.0,96.0,290.461,262.023,35108.8,25373,SUCCESS
mmcp_transformer_SS_TPQ4_I24_B96,mmcp_transformer,SS_TPQ4_I24_B96,4.0,24.0,96.0,292.309,265.849,34977.8,25517,SUCCESS
watercnn_SS_TPQ8_I12_B96,watercnn,SS_TPQ8_I12_B96,8.0,12.0,96.0,3.70756,4.19609,32592.9,23507,SUCCESS
watercnn_SS_TPQ8_I12_B96,watercnn,SS_TPQ8_I12_B96,8.0,12.0,96.0,3.73323,4.25865,32596.7,23504,SUCCESS
watercnn_SS_TPQ8_I12_B96,watercnn,SS_TPQ8_I12_B96,8.0,12.0,96.0,4.02329,4.65974,32588.3,23401,SUCCESS
watercnn_SS_TPQ8_I12_B96,watercnn,SS_TPQ8_I12_B96,8.0,12.0,96.0,4.12646,4.60781,32593.9,23445,SUCCESS
watercnn_SS_TPQ8_I12_B96,watercnn,SS_TPQ8_I12_B96,8.0,12.0,96.0,4.22415,4.25384,32587.0,23433,SUCCESS
watercnn_SS_TPQ8_I12_B96,watercnn,SS_TPQ8_I12_B96,8.0,12.0,96.0,4.16061,4.45604,32587.9,23496,SUCCESS
watercnn_SS_TPQ8_I12_B96,watercnn,SS_TPQ8_I12_B96,8.0,12.0,96.0,4.17594,4.86394,32598.7,23398,SUCCESS
watercnn_SS_TPQ8_I12_B96,watercnn,SS_TPQ8_I12_B96,8.0,12.0,96.0,3.87675,4.23514,32595.1,23493,SUCCESS
watercnn_SS_TPQ8_I12_B96,watercnn,SS_TPQ8_I12_B96,8.0,12.0,96.0,4.11509,2.88771,32588.4,23607,SUCCESS
watercnn_SS_TPQ8_I12_B96,watercnn,SS_TPQ8_I12_B96,8.0,12.0,96.0,4.01334,4.57844,32599.7,23390,SUCCESS
mmcp_transformer_SS_TPQ8_I12_B96,mmcp_transformer,SS_TPQ8_I12_B96,8.0,12.0,96.0,121.223,112.935,35107.9,26123,SUCCESS
mmcp_transformer_SS_TPQ8_I12_B96,mmcp_transformer,SS_TPQ8_I12_B96,8.0,12.0,96.0,126.338,117.042,35111.0,25937,SUCCESS
mmcp_transformer_SS_TPQ8_I12_B96,mmcp_transformer,SS_TPQ8_I12_B96,8.0,12.0,96.0,133.298,107.251,35092.5,26107,SUCCESS
mmcp_transformer_SS_TPQ8_I12_B96,mmcp_transformer,SS_TPQ8_I12_B96,8.0,12.0,96.0,123.261,115.316,35091.9,26026,SUCCESS
mmcp_transformer_SS_TPQ8_I12_B96,mmcp_transformer,SS_TPQ8_I12_B96,8.0,12.0,96.0,119.579,111.813,35106.1,25760,SUCCESS
mmcp_transformer_SS_TPQ8_I12_B96,mmcp_transformer,SS_TPQ8_I12_B96,8.0,12.0,96.0,127.932,111.554,35106.1,25968,SUCCESS
mmcp_transformer_SS_TPQ8_I12_B96,mmcp_transformer,SS_TPQ8_I12_B96,8.0,12.0,96.0,122.564,107.828,35093.3,25698,SUCCESS
mmcp_transformer_SS_TPQ8_I12_B96,mmcp_transformer,SS_TPQ8_I12_B96,8.0,12.0,96.0,115.86,111.466,35152.3,25922,SUCCESS
mmcp_transformer_SS_TPQ8_I12_B96,mmcp_transformer,SS_TPQ8_I12_B96,8.0,12.0,96.0,122.18,115.772,35108.4,26120,SUCCESS
mmcp_transformer_SS_TPQ8_I12_B96,mmcp_transformer,SS_TPQ8_I12_B96,8.0,12.0,96.0,122.953,114.323,35099.2,25516,SUCCESS
watercnn_SS_TPQ12_I8_B96,watercnn,SS_TPQ12_I8_B96,12.0,8.0,96.0,2.64073,2.4577,32598.8,23694,SUCCESS
watercnn_SS_TPQ12_I8_B96,watercnn,SS_TPQ12_I8_B96,12.0,8.0,96.0,2.52088,2.66992,32594.1,23745,SUCCESS
watercnn_SS_TPQ12_I8_B96,watercnn,SS_TPQ12_I8_B96,12.0,8.0,96.0,2.64271,2.65414,32591.4,23985,SUCCESS
watercnn_SS_TPQ12_I8_B96,watercnn,SS_TPQ12_I8_B96,12.0,8.0,96.0,2.66922,2.5235,32599.9,24016,SUCCESS
watercnn_SS_TPQ12_I8_B96,watercnn,SS_TPQ12_I8_B96,12.0,8.0,96.0,2.7545,2.65547,32594.1,24100,SUCCESS
watercnn_SS_TPQ12_I8_B96,watercnn,SS_TPQ12_I8_B96,12.0,8.0,96.0,2.83751,3.26598,32586.0,23855,SUCCESS
watercnn_SS_TPQ12_I8_B96,watercnn,SS_TPQ12_I8_B96,12.0,8.0,96.0,2.72627,2.5435,32606.2,23801,SUCCESS
watercnn_SS_TPQ12_I8_B96,watercnn,SS_TPQ12_I8_B96,12.0,8.0,96.0,2.44349,2.78519,32596.3,23749,SUCCESS
watercnn_SS_TPQ12_I8_B96,watercnn,SS_TPQ12_I8_B96,12.0,8.0,96.0,2.68467,2.72959,32593.5,23940,SUCCESS
watercnn_SS_TPQ12_I8_B96,watercnn,SS_TPQ12_I8_B96,12.0,8.0,96.0,2.74661,2.81919,32594.9,23707,SUCCESS
mmcp_transformer_SS_TPQ12_I8_B96,mmcp_transformer,SS_TPQ12_I8_B96,12.0,8.0,96.0,112.11,100.999,35097.7,26597,SUCCESS
mmcp_transformer_SS_TPQ12_I8_B96,mmcp_transformer,SS_TPQ12_I8_B96,12.0,8.0,96.0,104.894,99.4786,35121.0,26595,SUCCESS
mmcp_transformer_SS_TPQ12_I8_B96,mmcp_transformer,SS_TPQ12_I8_B96,12.0,8.0,96.0,108.948,96.233,35101.2,26264,SUCCESS
mmcp_transformer_SS_TPQ12_I8_B96,mmcp_transformer,SS_TPQ12_I8_B96,12.0,8.0,96.0,103.81,97.3863,35109.6,26719,SUCCESS
mmcp_transformer_SS_TPQ12_I8_B96,mmcp_transformer,SS_TPQ12_I8_B96,12.0,8.0,96.0,107.087,104.158,35101.9,26666,SUCCESS
mmcp_transformer_SS_TPQ12_I8_B96,mmcp_transformer,SS_TPQ12_I8_B96,12.0,8.0,96.0,108.256,95.8446,35114.6,26648,SUCCESS
mmcp_transformer_SS_TPQ12_I8_B96,mmcp_transformer,SS_TPQ12_I8_B96,12.0,8.0,96.0,107.558,103.993,35093.2,26941,SUCCESS
mmcp_transformer_SS_TPQ12_I8_B96,mmcp_transformer,SS_TPQ12_I8_B96,12.0,8.0,96.0,109.628,98.9044,35106.0,26718,SUCCESS
mmcp_transformer_SS_TPQ12_I8_B96,mmcp_transformer,SS_TPQ12_I8_B96,12.0,8.0,96.0,104.869,100.349,35113.2,26365,SUCCESS
mmcp_transformer_SS_TPQ12_I8_B96,mmcp_transformer,SS_TPQ12_I8_B96,12.0,8.0,96.0,108.003,102.535,35109.7,26685,SUCCESS
watercnn_SS_TPQ24_I4_B96,watercnn,SS_TPQ24_I4_B96,24.0,4.0,96.0,1.76163,1.50286,32596.8,25965,SUCCESS
watercnn_SS_TPQ24_I4_B96,watercnn,SS_TPQ24_I4_B96,24.0,4.0,96.0,1.74822,1.3606,32578.6,25796,SUCCESS
watercnn_SS_TPQ24_I4_B96,watercnn,SS_TPQ24_I4_B96,24.0,4.0,96.0,1.86697,1.54575,32599.1,25833,SUCCESS
watercnn_SS_TPQ24_I4_B96,watercnn,SS_TPQ24_I4_B96,24.0,4.0,96.0,1.55683,1.69346,32581.0,25669,SUCCESS
watercnn_SS_TPQ24_I4_B96,watercnn,SS_TPQ24_I4_B96,24.0,4.0,96.0,1.76088,1.57627,32592.8,25538,SUCCESS
watercnn_SS_TPQ24_I4_B96,watercnn,SS_TPQ24_I4_B96,24.0,4.0,96.0,1.80088,1.65815,32601.2,25567,SUCCESS
watercnn_SS_TPQ24_I4_B96,watercnn,SS_TPQ24_I4_B96,24.0,4.0,96.0,1.82751,1.71898,32591.2,25386,SUCCESS
watercnn_SS_TPQ24_I4_B96,watercnn,SS_TPQ24_I4_B96,24.0,4.0,96.0,1.89707,1.6352,32583.1,25638,SUCCESS
watercnn_SS_TPQ24_I4_B96,watercnn,SS_TPQ24_I4_B96,24.0,4.0,96.0,1.8922,1.82211,32584.5,25731,SUCCESS
watercnn_SS_TPQ24_I4_B96,watercnn,SS_TPQ24_I4_B96,24.0,4.0,96.0,1.81972,1.47863,32587.3,25949,SUCCESS
mmcp_transformer_SS_TPQ24_I4_B96,mmcp_transformer,SS_TPQ24_I4_B96,24.0,4.0,96.0,69.0809,70.7428,35101.4,28611,SUCCESS
mmcp_transformer_SS_TPQ24_I4_B96,mmcp_transformer,SS_TPQ24_I4_B96,24.0,4.0,96.0,71.9362,68.6733,35101.6,28752,SUCCESS
mmcp_transformer_SS_TPQ24_I4_B96,mmcp_transformer,SS_TPQ24_I4_B96,24.0,4.0,96.0,70.4705,65.7293,35106.6,28934,SUCCESS
mmcp_transformer_SS_TPQ24_I4_B96,mmcp_transformer,SS_TPQ24_I4_B96,24.0,4.0,96.0,67.9475,61.326,34980.4,28843,SUCCESS
mmcp_transformer_SS_TPQ24_I4_B96,mmcp_transformer,SS_TPQ24_I4_B96,24.0,4.0,96.0,74.9994,57.6031,35109.6,29169,SUCCESS
mmcp_transformer_SS_TPQ24_I4_B96,mmcp_transformer,SS_TPQ24_I4_B96,24.0,4.0,96.0,63.7661,62.6508,35092.9,29074,SUCCESS
mmcp_transformer_SS_TPQ24_I4_B96,mmcp_transformer,SS_TPQ24_I4_B96,24.0,4.0,96.0,67.1504,58.0245,35104.3,28908,SUCCESS
mmcp_transformer_SS_TPQ24_I4_B96,mmcp_transformer,SS_TPQ24_I4_B96,24.0,4.0,96.0,63.4368,69.5551,35097.0,28825,SUCCESS
mmcp_transformer_SS_TPQ24_I4_B96,mmcp_transformer,SS_TPQ24_I4_B96,24.0,4.0,96.0,73.0576,69.1505,35101.0,28471,SUCCESS
mmcp_transformer_SS_TPQ24_I4_B96,mmcp_transformer,SS_TPQ24_I4_B96,24.0,4.0,96.0,71.2043,58.5227,35109.0,29105,SUCCESS
watercnn_SS_TPQ48_I2_B96,watercnn,SS_TPQ48_I2_B96,48.0,2.0,96.0,1.61283,1.33679,32593.9,28321,SUCCESS
watercnn_SS_TPQ48_I2_B96,watercnn,SS_TPQ48_I2_B96,48.0,2.0,96.0,1.60626,1.59058,32601.9,28697,SUCCESS
watercnn_SS_TPQ48_I2_B96,watercnn,SS_TPQ48_I2_B96,48.0,2.0,96.0,1.64115,1.44668,32579.0,27321,SUCCESS
watercnn_SS_TPQ48_I2_B96,watercnn,SS_TPQ48_I2_B96,48.0,2.0,96.0,1.50637,1.30313,32600.5,28656,SUCCESS
watercnn_SS_TPQ48_I2_B96,watercnn,SS_TPQ48_I2_B96,48.0,2.0,96.0,1.57845,1.31096,32600.9,28857,SUCCESS
watercnn_SS_TPQ48_I2_B96,watercnn,SS_TPQ48_I2_B96,48.0,2.0,96.0,1.60635,1.65071,32602.2,28938,SUCCESS
watercnn_SS_TPQ48_I2_B96,watercnn,SS_TPQ48_I2_B96,48.0,2.0,96.0,1.59409,1.65247,32594.8,28280,SUCCESS
watercnn_SS_TPQ48_I2_B96,watercnn,SS_TPQ48_I2_B96,48.0,2.0,96.0,1.49162,1.07658,32601.3,28121,SUCCESS
watercnn_SS_TPQ48_I2_B96,watercnn,SS_TPQ48_I2_B96,48.0,2.0,96.0,1.48632,1.62758,32586.8,28553,SUCCESS
watercnn_SS_TPQ48_I2_B96,watercnn,SS_TPQ48_I2_B96,48.0,2.0,96.0,1.67802,1.48295,32589.5,28598,SUCCESS
mmcp_transformer_SS_TPQ48_I2_B96,mmcp_transformer,SS_TPQ48_I2_B96,48.0,2.0,96.0,32.0193,26.5503,35104.8,32883,SUCCESS
mmcp_transformer_SS_TPQ48_I2_B96,mmcp_transformer,SS_TPQ48_I2_B96,48.0,2.0,96.0,31.7064,26.5174,35109.0,33085,SUCCESS
mmcp_transformer_SS_TPQ48_I2_B96,mmcp_transformer,SS_TPQ48_I2_B96,48.0,2.0,96.0,31.6789,25.4697,34985.4,32820,SUCCESS
mmcp_transformer_SS_TPQ48_I2_B96,mmcp_transformer,SS_TPQ48_I2_B96,48.0,2.0,96.0,31.8134,26.6566,35050.9,32925,SUCCESS
mmcp_transformer_SS_TPQ48_I2_B96,mmcp_transformer,SS_TPQ48_I2_B96,48.0,2.0,96.0,32.24,26.6247,35093.0,32915,SUCCESS
mmcp_transformer_SS_TPQ48_I2_B96,mmcp_transformer,SS_TPQ48_I2_B96,48.0,2.0,96.0,32.6714,27.1801,35104.7,33141,SUCCESS
mmcp_transformer_SS_TPQ48_I2_B96,mmcp_transformer,SS_TPQ48_I2_B96,48.0,2.0,96.0,32.5888,27.4727,35106.1,32950,SUCCESS
mmcp_transformer_SS_TPQ48_I2_B96,mmcp_transformer,SS_TPQ48_I2_B96,48.0,2.0,96.0,32.3337,26.5827,35097.2,32866,SUCCESS
mmcp_transformer_SS_TPQ48_I2_B96,mmcp_transformer,SS_TPQ48_I2_B96,48.0,2.0,96.0,31.0365,26.4061,35101.1,32660,SUCCESS
mmcp_transformer_SS_TPQ48_I2_B96,mmcp_transformer,SS_TPQ48_I2_B96,48.0,2.0,96.0,32.2415,27.4193,35091.8,33165,SUCCESS
watercnn_SS_TPQ2_I1_B2,watercnn,SS_TPQ2_I1_B2,2.0,1.0,2.0,7.59973,7.06929,32588.9,23446,SUCCESS
watercnn_SS_TPQ2_I1_B2,watercnn,SS_TPQ2_I1_B2,2.0,1.0,2.0,7.07535,7.32498,32586.8,23125,SUCCESS
watercnn_SS_TPQ2_I1_B2,watercnn,SS_TPQ2_I1_B2,2.0,1.0,2.0,6.48635,6.96239,32597.4,23527,SUCCESS
watercnn_SS_TPQ2_I1_B2,watercnn,SS_TPQ2_I1_B2,2.0,1.0,2.0,5.86428,5.08634,32602.9,23536,SUCCESS
watercnn_SS_TPQ2_I1_B2,watercnn,SS_TPQ2_I1_B2,2.0,1.0,2.0,6.84827,5.99654,32601.6,23069,SUCCESS
watercnn_SS_TPQ2_I1_B2,watercnn,SS_TPQ2_I1_B2,2.0,1.0,2.0,7.0268,4.91662,32582.1,23150,SUCCESS
watercnn_SS_TPQ2_I1_B2,watercnn,SS_TPQ2_I1_B2,2.0,1.0,2.0,6.79472,8.16526,32582.4,23184,SUCCESS
watercnn_SS_TPQ2_I1_B2,watercnn,SS_TPQ2_I1_B2,2.0,1.0,2.0,6.52977,5.15859,32598.0,23590,SUCCESS
watercnn_SS_TPQ2_I1_B2,watercnn,SS_TPQ2_I1_B2,2.0,1.0,2.0,5.28884,6.00727,32588.4,23188,SUCCESS
watercnn_SS_TPQ2_I1_B2,watercnn,SS_TPQ2_I1_B2,2.0,1.0,2.0,7.85391,6.39827,32602.7,23403,SUCCESS
mmcp_transformer_SS_TPQ2_I1_B2,mmcp_transformer,SS_TPQ2_I1_B2,2.0,1.0,2.0,442.471,425.169,34992.4,24917,SUCCESS
mmcp_transformer_SS_TPQ2_I1_B2,mmcp_transformer,SS_TPQ2_I1_B2,2.0,1.0,2.0,445.756,431.693,35108.2,25211,SUCCESS
mmcp_transformer_SS_TPQ2_I1_B2,mmcp_transformer,SS_TPQ2_I1_B2,2.0,1.0,2.0,467.45,463.855,34991.0,25211,SUCCESS
mmcp_transformer_SS_TPQ2_I1_B2,mmcp_transformer,SS_TPQ2_I1_B2,2.0,1.0,2.0,478.955,438.239,35102.8,25398,SUCCESS
mmcp_transformer_SS_TPQ2_I1_B2,mmcp_transformer,SS_TPQ2_I1_B2,2.0,1.0,2.0,496.752,405.474,35101.1,25095,SUCCESS
mmcp_transformer_SS_TPQ2_I1_B2,mmcp_transformer,SS_TPQ2_I1_B2,2.0,1.0,2.0,495.78,451.975,35115.3,24933,SUCCESS
mmcp_transformer_SS_TPQ2_I1_B2,mmcp_transformer,SS_TPQ2_I1_B2,2.0,1.0,2.0,461.803,444.386,35101.9,24986,SUCCESS
mmcp_transformer_SS_TPQ2_I1_B2,mmcp_transformer,SS_TPQ2_I1_B2,2.0,1.0,2.0,466.477,435.524,35134.9,24939,SUCCESS
mmcp_transformer_SS_TPQ2_I1_B2,mmcp_transformer,SS_TPQ2_I1_B2,2.0,1.0,2.0,479.687,458.136,35071.4,24924,SUCCESS
mmcp_transformer_SS_TPQ2_I1_B2,mmcp_transformer,SS_TPQ2_I1_B2,2.0,1.0,2.0,482.416,457.144,35100.9,25322,SUCCESS
watercnn_SS_TPQ4_I1_B4,watercnn,SS_TPQ4_I1_B4,4.0,1.0,4.0,4.09472,4.1248,32577.5,23388,SUCCESS
watercnn_SS_TPQ4_I1_B4,watercnn,SS_TPQ4_I1_B4,4.0,1.0,4.0,4.48051,3.68858,32601.1,23256,SUCCESS
watercnn_SS_TPQ4_I1_B4,watercnn,SS_TPQ4_I1_B4,4.0,1.0,4.0,4.26668,3.60506,32607.8,23403,SUCCESS
watercnn_SS_TPQ4_I1_B4,watercnn,SS_TPQ4_I1_B4,4.0,1.0,4.0,3.97794,3.72538,32600.0,23529,SUCCESS
watercnn_SS_TPQ4_I1_B4,watercnn,SS_TPQ4_I1_B4,4.0,1.0,4.0,3.83229,3.53654,32586.4,23528,SUCCESS
watercnn_SS_TPQ4_I1_B4,watercnn,SS_TPQ4_I1_B4,4.0,1.0,4.0,4.02198,3.77273,32597.5,23204,SUCCESS
watercnn_SS_TPQ4_I1_B4,watercnn,SS_TPQ4_I1_B4,4.0,1.0,4.0,4.35206,3.46495,32562.4,23202,SUCCESS
watercnn_SS_TPQ4_I1_B4,watercnn,SS_TPQ4_I1_B4,4.0,1.0,4.0,3.92459,3.73179,32590.2,23259,SUCCESS
watercnn_SS_TPQ4_I1_B4,watercnn,SS_TPQ4_I1_B4,4.0,1.0,4.0,4.183,3.68396,32597.7,23332,SUCCESS
watercnn_SS_TPQ4_I1_B4,watercnn,SS_TPQ4_I1_B4,4.0,1.0,4.0,3.83792,3.58556,32589.3,23377,SUCCESS
mmcp_transformer_SS_TPQ4_I1_B4,mmcp_transformer,SS_TPQ4_I1_B4,4.0,1.0,4.0,252.384,226.845,35092.8,25485,SUCCESS
mmcp_transformer_SS_TPQ4_I1_B4,mmcp_transformer,SS_TPQ4_I1_B4,4.0,1.0,4.0,252.064,253.782,35110.2,25330,SUCCESS
mmcp_transformer_SS_TPQ4_I1_B4,mmcp_transformer,SS_TPQ4_I1_B4,4.0,1.0,4.0,254.12,229.402,35099.1,24988,SUCCESS
mmcp_transformer_SS_TPQ4_I1_B4,mmcp_transformer,SS_TPQ4_I1_B4,4.0,1.0,4.0,251.929,225.27,35103.5,25100,SUCCESS
mmcp_transformer_SS_TPQ4_I1_B4,mmcp_transformer,SS_TPQ4_I1_B4,4.0,1.0,4.0,248.255,233.343,34990.1,25346,SUCCESS
mmcp_transformer_SS_TPQ4_I1_B4,mmcp_transformer,SS_TPQ4_I1_B4,4.0,1.0,4.0,250.042,240.512,35100.4,24992,SUCCESS
mmcp_transformer_SS_TPQ4_I1_B4,mmcp_transformer,SS_TPQ4_I1_B4,4.0,1.0,4.0,245.229,233.393,34984.9,25155,SUCCESS
mmcp_transformer_SS_TPQ4_I1_B4,mmcp_transformer,SS_TPQ4_I1_B4,4.0,1.0,4.0,235.339,222.82,35094.9,25717,SUCCESS
mmcp_transformer_SS_TPQ4_I1_B4,mmcp_transformer,SS_TPQ4_I1_B4,4.0,1.0,4.0,247.948,241.949,35110.3,24910,SUCCESS
mmcp_transformer_SS_TPQ4_I1_B4,mmcp_transformer,SS_TPQ4_I1_B4,4.0,1.0,4.0,250.241,234.052,35112.8,25056,SUCCESS
watercnn_SS_TPQ8_I1_B8,watercnn,SS_TPQ8_I1_B8,8.0,1.0,8.0,2.84571,2.60144,32598.0,23840,SUCCESS
watercnn_SS_TPQ8_I1_B8,watercnn,SS_TPQ8_I1_B8,8.0,1.0,8.0,2.85388,2.5718,32587.9,23419,SUCCESS
watercnn_SS_TPQ8_I1_B8,watercnn,SS_TPQ8_I1_B8,8.0,1.0,8.0,2.74574,2.70166,32584.6,23433,SUCCESS
watercnn_SS_TPQ8_I1_B8,watercnn,SS_TPQ8_I1_B8,8.0,1.0,8.0,2.8888,2.53195,32603.2,23603,SUCCESS
watercnn_SS_TPQ8_I1_B8,watercnn,SS_TPQ8_I1_B8,8.0,1.0,8.0,2.87247,2.3833,32586.0,23630,SUCCESS
watercnn_SS_TPQ8_I1_B8,watercnn,SS_TPQ8_I1_B8,8.0,1.0,8.0,2.90781,2.57308,32610.4,23491,SUCCESS
watercnn_SS_TPQ8_I1_B8,watercnn,SS_TPQ8_I1_B8,8.0,1.0,8.0,2.70914,2.5445,32602.3,23598,SUCCESS
watercnn_SS_TPQ8_I1_B8,watercnn,SS_TPQ8_I1_B8,8.0,1.0,8.0,2.97159,2.32182,32597.3,23988,SUCCESS
watercnn_SS_TPQ8_I1_B8,watercnn,SS_TPQ8_I1_B8,8.0,1.0,8.0,2.9388,2.64565,32583.3,23489,SUCCESS
watercnn_SS_TPQ8_I1_B8,watercnn,SS_TPQ8_I1_B8,8.0,1.0,8.0,2.77842,2.62788,32591.6,23820,SUCCESS
mmcp_transformer_SS_TPQ8_I1_B8,mmcp_transformer,SS_TPQ8_I1_B8,8.0,1.0,8.0,144.982,129.109,35096.6,25649,SUCCESS
mmcp_transformer_SS_TPQ8_I1_B8,mmcp_transformer,SS_TPQ8_I1_B8,8.0,1.0,8.0,137.179,134.468,35106.3,25772,SUCCESS
mmcp_transformer_SS_TPQ8_I1_B8,mmcp_transformer,SS_TPQ8_I1_B8,8.0,1.0,8.0,136.28,132.729,35106.0,25955,SUCCESS
mmcp_transformer_SS_TPQ8_I1_B8,mmcp_transformer,SS_TPQ8_I1_B8,8.0,1.0,8.0,138.268,135.055,35102.5,25691,SUCCESS
mmcp_transformer_SS_TPQ8_I1_B8,mmcp_transformer,SS_TPQ8_I1_B8,8.0,1.0,8.0,136.759,127.334,35116.6,25420,SUCCESS
mmcp_transformer_SS_TPQ8_I1_B8,mmcp_transformer,SS_TPQ8_I1_B8,8.0,1.0,8.0,136.296,128.34,35119.0,25549,SUCCESS
mmcp_transformer_SS_TPQ8_I1_B8,mmcp_transformer,SS_TPQ8_I1_B8,8.0,1.0,8.0,133.775,132.692,35102.3,25839,SUCCESS
mmcp_transformer_SS_TPQ8_I1_B8,mmcp_transformer,SS_TPQ8_I1_B8,8.0,1.0,8.0,137.127,130.541,34993.3,25808,SUCCESS
mmcp_transformer_SS_TPQ8_I1_B8,mmcp_transformer,SS_TPQ8_I1_B8,8.0,1.0,8.0,138.261,130.325,35082.0,25802,SUCCESS
mmcp_transformer_SS_TPQ8_I1_B8,mmcp_transformer,SS_TPQ8_I1_B8,8.0,1.0,8.0,141.085,129.875,35102.5,25455,SUCCESS
watercnn_SS_TPQ12_I1_B12,watercnn,SS_TPQ12_I1_B12,12.0,1.0,12.0,2.55772,2.39999,32446.2,24168,SUCCESS
watercnn_SS_TPQ12_I1_B12,watercnn,SS_TPQ12_I1_B12,12.0,1.0,12.0,2.50373,2.42678,32595.1,24046,SUCCESS
watercnn_SS_TPQ12_I1_B12,watercnn,SS_TPQ12_I1_B12,12.0,1.0,12.0,2.48811,2.40938,32610.1,24283,SUCCESS
watercnn_SS_TPQ12_I1_B12,watercnn,SS_TPQ12_I1_B12,12.0,1.0,12.0,2.42804,2.23927,32602.2,24093,SUCCESS
watercnn_SS_TPQ12_I1_B12,watercnn,SS_TPQ12_I1_B12,12.0,1.0,12.0,2.52752,2.32263,32603.8,24005,SUCCESS
watercnn_SS_TPQ12_I1_B12,watercnn,SS_TPQ12_I1_B12,12.0,1.0,12.0,2.26815,2.18919,32601.9,23943,SUCCESS
watercnn_SS_TPQ12_I1_B12,watercnn,SS_TPQ12_I1_B12,12.0,1.0,12.0,2.52238,2.29359,32606.6,24359,SUCCESS
watercnn_SS_TPQ12_I1_B12,watercnn,SS_TPQ12_I1_B12,12.0,1.0,12.0,2.53303,2.2872,32610.2,24034,SUCCESS
watercnn_SS_TPQ12_I1_B12,watercnn,SS_TPQ12_I1_B12,12.0,1.0,12.0,2.5706,2.23654,32616.7,24028,SUCCESS
watercnn_SS_TPQ12_I1_B12,watercnn,SS_TPQ12_I1_B12,12.0,1.0,12.0,2.6035,2.48505,32619.7,24145,SUCCESS
mmcp_transformer_SS_TPQ12_I1_B12,mmcp_transformer,SS_TPQ12_I1_B12,12.0,1.0,12.0,107.39,102.464,35118.7,26670,SUCCESS
mmcp_transformer_SS_TPQ12_I1_B12,mmcp_transformer,SS_TPQ12_I1_B12,12.0,1.0,12.0,103.273,101.934,34993.6,26423,SUCCESS
mmcp_transformer_SS_TPQ12_I1_B12,mmcp_transformer,SS_TPQ12_I1_B12,12.0,1.0,12.0,102.474,100.996,35112.6,26506,SUCCESS
mmcp_transformer_SS_TPQ12_I1_B12,mmcp_transformer,SS_TPQ12_I1_B12,12.0,1.0,12.0,106.429,100.392,35119.9,26654,SUCCESS
mmcp_transformer_SS_TPQ12_I1_B12,mmcp_transformer,SS_TPQ12_I1_B12,12.0,1.0,12.0,106.211,97.1514,35119.5,26544,SUCCESS
mmcp_transformer_SS_TPQ12_I1_B12,mmcp_transformer,SS_TPQ12_I1_B12,12.0,1.0,12.0,105.461,101.972,35106.6,26590,SUCCESS
mmcp_transformer_SS_TPQ12_I1_B12,mmcp_transformer,SS_TPQ12_I1_B12,12.0,1.0,12.0,108.114,94.6814,35113.5,26488,SUCCESS
mmcp_transformer_SS_TPQ12_I1_B12,mmcp_transformer,SS_TPQ12_I1_B12,12.0,1.0,12.0,108.86,103.928,35114.2,26457,SUCCESS
mmcp_transformer_SS_TPQ12_I1_B12,mmcp_transformer,SS_TPQ12_I1_B12,12.0,1.0,12.0,105.175,94.156,35124.0,26584,SUCCESS
mmcp_transformer_SS_TPQ12_I1_B12,mmcp_transformer,SS_TPQ12_I1_B12,12.0,1.0,12.0,109.173,102.545,35169.6,26749,SUCCESS
watercnn_SS_TPQ24_I1_B24,watercnn,SS_TPQ24_I1_B24,24.0,1.0,24.0,1.76996,1.7196,32582.7,25834,SUCCESS
watercnn_SS_TPQ24_I1_B24,watercnn,SS_TPQ24_I1_B24,24.0,1.0,24.0,1.70703,1.76686,32604.2,25894,SUCCESS
watercnn_SS_TPQ24_I1_B24,watercnn,SS_TPQ24_I1_B24,24.0,1.0,24.0,1.97884,1.61694,32586.9,25800,SUCCESS
watercnn_SS_TPQ24_I1_B24,watercnn,SS_TPQ24_I1_B24,24.0,1.0,24.0,2.03038,1.61732,32611.7,25267,SUCCESS
watercnn_SS_TPQ24_I1_B24,watercnn,SS_TPQ24_I1_B24,24.0,1.0,24.0,1.76808,1.50535,32599.3,26095,SUCCESS
watercnn_SS_TPQ24_I1_B24,watercnn,SS_TPQ24_I1_B24,24.0,1.0,24.0,1.75003,1.56085,32599.9,25564,SUCCESS
watercnn_SS_TPQ24_I1_B24,watercnn,SS_TPQ24_I1_B24,24.0,1.0,24.0,1.81267,1.73115,32588.5,25908,SUCCESS
watercnn_SS_TPQ24_I1_B24,watercnn,SS_TPQ24_I1_B24,24.0,1.0,24.0,2.02169,1.68169,32605.1,25642,SUCCESS
watercnn_SS_TPQ24_I1_B24,watercnn,SS_TPQ24_I1_B24,24.0,1.0,24.0,1.78541,1.81162,32611.0,26166,SUCCESS
watercnn_SS_TPQ24_I1_B24,watercnn,SS_TPQ24_I1_B24,24.0,1.0,24.0,1.92398,1.71758,32592.2,26293,SUCCESS
mmcp_transformer_SS_TPQ24_I1_B24,mmcp_transformer,SS_TPQ24_I1_B24,24.0,1.0,24.0,63.9681,57.7544,35121.0,28720,SUCCESS
mmcp_transformer_SS_TPQ24_I1_B24,mmcp_transformer,SS_TPQ24_I1_B24,24.0,1.0,24.0,68.6984,57.377,35078.3,29139,SUCCESS
mmcp_transformer_SS_TPQ24_I1_B24,mmcp_transformer,SS_TPQ24_I1_B24,24.0,1.0,24.0,64.7747,53.8721,35096.1,29096,SUCCESS
mmcp_transformer_SS_TPQ24_I1_B24,mmcp_transformer,SS_TPQ24_I1_B24,24.0,1.0,24.0,64.9869,58.6961,34990.6,29209,SUCCESS
mmcp_transformer_SS_TPQ24_I1_B24,mmcp_transformer,SS_TPQ24_I1_B24,24.0,1.0,24.0,68.147,54.8187,35093.7,29099,SUCCESS
mmcp_transformer_SS_TPQ24_I1_B24,mmcp_transformer,SS_TPQ24_I1_B24,24.0,1.0,24.0,63.5879,59.8701,34970.6,29366,SUCCESS
mmcp_transformer_SS_TPQ24_I1_B24,mmcp_transformer,SS_TPQ24_I1_B24,24.0,1.0,24.0,68.3825,57.595,35108.6,29113,SUCCESS
mmcp_transformer_SS_TPQ24_I1_B24,mmcp_transformer,SS_TPQ24_I1_B24,24.0,1.0,24.0,67.1286,55.5929,35109.9,29303,SUCCESS
mmcp_transformer_SS_TPQ24_I1_B24,mmcp_transformer,SS_TPQ24_I1_B24,24.0,1.0,24.0,68.2983,59.7608,35097.4,29051,SUCCESS
mmcp_transformer_SS_TPQ24_I1_B24,mmcp_transformer,SS_TPQ24_I1_B24,24.0,1.0,24.0,63.5631,59.2663,35110.0,28805,SUCCESS
watercnn_SS_TPQ48_I1_B48,watercnn,SS_TPQ48_I1_B48,48.0,1.0,48.0,1.56337,1.4977,32585.3,29046,SUCCESS
watercnn_SS_TPQ48_I1_B48,watercnn,SS_TPQ48_I1_B48,48.0,1.0,48.0,1.54776,1.48934,32612.4,28007,SUCCESS
watercnn_SS_TPQ48_I1_B48,watercnn,SS_TPQ48_I1_B48,48.0,1.0,48.0,1.46115,1.34039,32600.6,29135,SUCCESS
watercnn_SS_TPQ48_I1_B48,watercnn,SS_TPQ48_I1_B48,48.0,1.0,48.0,1.54685,1.59996,32599.5,28674,SUCCESS
watercnn_SS_TPQ48_I1_B48,watercnn,SS_TPQ48_I1_B48,48.0,1.0,48.0,1.57174,1.34283,32595.6,29859,SUCCESS
watercnn_SS_TPQ48_I1_B48,watercnn,SS_TPQ48_I1_B48,48.0,1.0,48.0,1.5625,1.59468,32607.2,29353,SUCCESS
watercnn_SS_TPQ48_I1_B48,watercnn,SS_TPQ48_I1_B48,48.0,1.0,48.0,1.5591,1.63566,32584.7,29302,SUCCESS
watercnn_SS_TPQ48_I1_B48,watercnn,SS_TPQ48_I1_B48,48.0,1.0,48.0,1.44833,1.63046,32590.8,30036,SUCCESS
watercnn_SS_TPQ48_I1_B48,watercnn,SS_TPQ48_I1_B48,48.0,1.0,48.0,1.50991,1.5216,32594.6,29041,SUCCESS
watercnn_SS_TPQ48_I1_B48,watercnn,SS_TPQ48_I1_B48,48.0,1.0,48.0,1.55065,1.36745,32589.9,29658,SUCCESS
mmcp_transformer_SS_TPQ48_I1_B48,mmcp_transformer,SS_TPQ48_I1_B48,48.0,1.0,48.0,40.4795,31.759,35110.7,33460,SUCCESS
mmcp_transformer_SS_TPQ48_I1_B48,mmcp_transformer,SS_TPQ48_I1_B48,48.0,1.0,48.0,38.3133,32.5778,35104.4,33669,SUCCESS
mmcp_transformer_SS_TPQ48_I1_B48,mmcp_transformer,SS_TPQ48_I1_B48,48.0,1.0,48.0,41.1487,33.3201,35109.3,33346,SUCCESS
mmcp_transformer_SS_TPQ48_I1_B48,mmcp_transformer,SS_TPQ48_I1_B48,48.0,1.0,48.0,37.3821,32.8176,35108.5,33039,SUCCESS
mmcp_transformer_SS_TPQ48_I1_B48,mmcp_transformer,SS_TPQ48_I1_B48,48.0,1.0,48.0,39.3393,32.1324,35104.6,33686,SUCCESS
mmcp_transformer_SS_TPQ48_I1_B48,mmcp_transformer,SS_TPQ48_I1_B48,48.0,1.0,48.0,42.019,34.3347,34987.1,33896,SUCCESS
mmcp_transformer_SS_TPQ48_I1_B48,mmcp_transformer,SS_TPQ48_I1_B48,48.0,1.0,48.0,40.8536,35.9186,35095.3,33736,SUCCESS
mmcp_transformer_SS_TPQ48_I1_B48,mmcp_transformer,SS_TPQ48_I1_B48,48.0,1.0,48.0,39.1061,32.7682,35096.9,33554,SUCCESS
mmcp_transformer_SS_TPQ48_I1_B48,mmcp_transformer,SS_TPQ48_I1_B48,48.0,1.0,48.0,40.4258,31.5132,35109.8,33347,SUCCESS
mmcp_transformer_SS_TPQ48_I1_B48,mmcp_transformer,SS_TPQ48_I1_B48,48.0,1.0,48.0,41.3825,34.9344,35118.4,34081,SUCCESS
watercnn_SS_TPQ1_I2_B2,watercnn,SS_TPQ1_I2_B2,1.0,2.0,2.0,8.83654,9.38551,32607.7,23057,SUCCESS
watercnn_SS_TPQ1_I2_B2,watercnn,SS_TPQ1_I2_B2,1.0,2.0,2.0,6.30085,6.48941,32590.2,23094,SUCCESS
watercnn_SS_TPQ1_I2_B2,watercnn,SS_TPQ1_I2_B2,1.0,2.0,2.0,7.43258,6.90062,32614.0,23039,SUCCESS
watercnn_SS_TPQ1_I2_B2,watercnn,SS_TPQ1_I2_B2,1.0,2.0,2.0,12.6658,16.3584,32618.8,23079,SUCCESS
watercnn_SS_TPQ1_I2_B2,watercnn,SS_TPQ1_I2_B2,1.0,2.0,2.0,11.4598,8.18201,32602.2,23061,SUCCESS
watercnn_SS_TPQ1_I2_B2,watercnn,SS_TPQ1_I2_B2,1.0,2.0,2.0,10.7761,6.22452,32601.9,23540,SUCCESS
watercnn_SS_TPQ1_I2_B2,watercnn,SS_TPQ1_I2_B2,1.0,2.0,2.0,8.5613,6.40901,32606.4,23068,SUCCESS
watercnn_SS_TPQ1_I2_B2,watercnn,SS_TPQ1_I2_B2,1.0,2.0,2.0,11.208,12.6972,32592.3,23462,SUCCESS
watercnn_SS_TPQ1_I2_B2,watercnn,SS_TPQ1_I2_B2,1.0,2.0,2.0,12.959,13.8554,32593.0,23096,SUCCESS
watercnn_SS_TPQ1_I2_B2,watercnn,SS_TPQ1_I2_B2,1.0,2.0,2.0,11.3783,13.1772,32587.8,23001,SUCCESS
mmcp_transformer_SS_TPQ1_I2_B2,mmcp_transformer,SS_TPQ1_I2_B2,1.0,2.0,2.0,540.748,538.741,35111.8,24923,SUCCESS
mmcp_transformer_SS_TPQ1_I2_B2,mmcp_transformer,SS_TPQ1_I2_B2,1.0,2.0,2.0,554.162,571.129,34980.8,24911,SUCCESS
mmcp_transformer_SS_TPQ1_I2_B2,mmcp_transformer,SS_TPQ1_I2_B2,1.0,2.0,2.0,578.184,539.911,34969.8,25220,SUCCESS
mmcp_transformer_SS_TPQ1_I2_B2,mmcp_transformer,SS_TPQ1_I2_B2,1.0,2.0,2.0,568.475,576.39,35092.0,25275,SUCCESS
mmcp_transformer_SS_TPQ1_I2_B2,mmcp_transformer,SS_TPQ1_I2_B2,1.0,2.0,2.0,543.895,577.627,35117.7,24919,SUCCESS
mmcp_transformer_SS_TPQ1_I2_B2,mmcp_transformer,SS_TPQ1_I2_B2,1.0,2.0,2.0,519.964,562.859,35125.1,24931,SUCCESS
mmcp_transformer_SS_TPQ1_I2_B2,mmcp_transformer,SS_TPQ1_I2_B2,1.0,2.0,2.0,568.379,507.25,35004.3,24935,SUCCESS
mmcp_transformer_SS_TPQ1_I2_B2,mmcp_transformer,SS_TPQ1_I2_B2,1.0,2.0,2.0,568.167,463.405,34981.8,24935,SUCCESS
mmcp_transformer_SS_TPQ1_I2_B2,mmcp_transformer,SS_TPQ1_I2_B2,1.0,2.0,2.0,550.567,432.58,34992.5,25240,SUCCESS
mmcp_transformer_SS_TPQ1_I2_B2,mmcp_transformer,SS_TPQ1_I2_B2,1.0,2.0,2.0,485.915,580.257,34997.0,25253,SUCCESS
watercnn_SS_TPQ1_I4_B4,watercnn,SS_TPQ1_I4_B4,1.0,4.0,4.0,12.3625,14.1762,32569.6,23461,SUCCESS
watercnn_SS_TPQ1_I4_B4,watercnn,SS_TPQ1_I4_B4,1.0,4.0,4.0,9.67792,4.47691,32597.4,23063,SUCCESS
watercnn_SS_TPQ1_I4_B4,watercnn,SS_TPQ1_I4_B4,1.0,4.0,4.0,12.9145,8.57891,32608.8,23108,SUCCESS
watercnn_SS_TPQ1_I4_B4,watercnn,SS_TPQ1_I4_B4,1.0,4.0,4.0,19.7403,9.26214,32611.4,23117,SUCCESS
watercnn_SS_TPQ1_I4_B4,watercnn,SS_TPQ1_I4_B4,1.0,4.0,4.0,12.3272,17.5883,32596.1,23532,SUCCESS
watercnn_SS_TPQ1_I4_B4,watercnn,SS_TPQ1_I4_B4,1.0,4.0,4.0,10.6121,4.2766,32594.0,23095,SUCCESS
watercnn_SS_TPQ1_I4_B4,watercnn,SS_TPQ1_I4_B4,1.0,4.0,4.0,12.5182,10.9478,32600.8,23557,SUCCESS
watercnn_SS_TPQ1_I4_B4,watercnn,SS_TPQ1_I4_B4,1.0,4.0,4.0,10.5986,3.97679,32608.5,23094,SUCCESS
watercnn_SS_TPQ1_I4_B4,watercnn,SS_TPQ1_I4_B4,1.0,4.0,4.0,7.58026,4.25795,32609.1,23185,SUCCESS
watercnn_SS_TPQ1_I4_B4,watercnn,SS_TPQ1_I4_B4,1.0,4.0,4.0,14.6645,10.9631,32609.1,23376,SUCCESS
watercnn_SS_TPQ1_I8_B8,watercnn,SS_TPQ1_I8_B8,1.0,8.0,8.0,15.4155,20.6187,32581.7,23036,SUCCESS
watercnn_SS_TPQ1_I8_B8,watercnn,SS_TPQ1_I8_B8,1.0,8.0,8.0,16.649,18.0828,32592.3,23054,SUCCESS
watercnn_SS_TPQ1_I8_B8,watercnn,SS_TPQ1_I8_B8,1.0,8.0,8.0,18.7082,18.6922,32588.2,23111,SUCCESS
watercnn_SS_TPQ1_I8_B8,watercnn,SS_TPQ1_I8_B8,1.0,8.0,8.0,18.8865,20.5892,32601.8,23066,SUCCESS
watercnn_SS_TPQ1_I8_B8,watercnn,SS_TPQ1_I8_B8,1.0,8.0,8.0,18.8539,14.0582,32590.4,23061,SUCCESS
watercnn_SS_TPQ1_I8_B8,watercnn,SS_TPQ1_I8_B8,1.0,8.0,8.0,20.5137,19.2294,32592.8,23132,SUCCESS
watercnn_SS_TPQ1_I8_B8,watercnn,SS_TPQ1_I8_B8,1.0,8.0,8.0,17.1497,16.3307,32584.9,23055,SUCCESS
watercnn_SS_TPQ1_I8_B8,watercnn,SS_TPQ1_I8_B8,1.0,8.0,8.0,10.4098,15.8871,32601.7,23120,SUCCESS
watercnn_SS_TPQ1_I8_B8,watercnn,SS_TPQ1_I8_B8,1.0,8.0,8.0,20.5208,22.518,32594.6,23431,SUCCESS
watercnn_SS_TPQ1_I8_B8,watercnn,SS_TPQ1_I8_B8,1.0,8.0,8.0,21.0218,20.7101,32589.4,23024,SUCCESS
mmcp_transformer_SS_TPQ1_I8_B8,mmcp_transformer,SS_TPQ1_I8_B8,1.0,8.0,8.0,283.564,288.394,35099.0,24912,SUCCESS
watercnn_SS_TPQ1_I12_B12,watercnn,SS_TPQ1_I12_B12,1.0,12.0,12.0,16.8802,18.2929,32600.8,23141,SUCCESS
watercnn_SS_TPQ1_I12_B12,watercnn,SS_TPQ1_I12_B12,1.0,12.0,12.0,16.248,19.734,32600.2,23086,SUCCESS
watercnn_SS_TPQ1_I12_B12,watercnn,SS_TPQ1_I12_B12,1.0,12.0,12.0,16.6536,17.0268,32594.7,23065,SUCCESS
watercnn_SS_TPQ1_I12_B12,watercnn,SS_TPQ1_I12_B12,1.0,12.0,12.0,16.7873,18.6525,32590.9,23087,SUCCESS
watercnn_SS_TPQ1_I12_B12,watercnn,SS_TPQ1_I12_B12,1.0,12.0,12.0,21.5983,17.4177,32585.3,23013,SUCCESS
watercnn_SS_TPQ1_I12_B12,watercnn,SS_TPQ1_I12_B12,1.0,12.0,12.0,21.7067,20.5009,32586.4,23142,SUCCESS
watercnn_SS_TPQ1_I12_B12,watercnn,SS_TPQ1_I12_B12,1.0,12.0,12.0,19.9821,10.2774,32581.2,23021,SUCCESS
watercnn_SS_TPQ1_I12_B12,watercnn,SS_TPQ1_I12_B12,1.0,12.0,12.0,15.3472,17.6814,32574.5,23067,SUCCESS
watercnn_SS_TPQ1_I12_B12,watercnn,SS_TPQ1_I12_B12,1.0,12.0,12.0,21.0199,17.7845,32571.9,23058,SUCCESS
watercnn_SS_TPQ1_I12_B12,watercnn,SS_TPQ1_I12_B12,1.0,12.0,12.0,18.4286,13.6808,32582.8,23112,SUCCESS
watercnn_SS_TPQ1_I24_B24,watercnn,SS_TPQ1_I24_B24,1.0,24.0,24.0,27.0313,22.5195,32593.0,23064,SUCCESS
watercnn_SS_TPQ1_I24_B24,watercnn,SS_TPQ1_I24_B24,1.0,24.0,24.0,27.6283,25.0063,32587.8,23051,SUCCESS
watercnn_SS_TPQ1_I24_B24,watercnn,SS_TPQ1_I24_B24,1.0,24.0,24.0,22.7191,19.7232,32593.8,23012,SUCCESS
watercnn_SS_TPQ1_I24_B24,watercnn,SS_TPQ1_I24_B24,1.0,24.0,24.0,26.294,22.9259,32585.0,23096,SUCCESS
watercnn_SS_TPQ1_I24_B24,watercnn,SS_TPQ1_I24_B24,1.0,24.0,24.0,23.4883,22.7325,32589.7,23096,SUCCESS
watercnn_SS_TPQ1_I24_B24,watercnn,SS_TPQ1_I24_B24,1.0,24.0,24.0,24.6257,21.3443,32608.2,23123,SUCCESS
watercnn_SS_TPQ1_I24_B24,watercnn,SS_TPQ1_I24_B24,1.0,24.0,24.0,21.0157,25.5124,32593.2,23011,SUCCESS
watercnn_SS_TPQ1_I24_B24,watercnn,SS_TPQ1_I24_B24,1.0,24.0,24.0,25.0785,22.6269,32586.7,23050,SUCCESS
watercnn_SS_TPQ1_I24_B24,watercnn,SS_TPQ1_I24_B24,1.0,24.0,24.0,21.9945,24.1422,32595.6,23441,SUCCESS
watercnn_SS_TPQ1_I24_B24,watercnn,SS_TPQ1_I24_B24,1.0,24.0,24.0,21.175,13.0359,32594.0,23113,SUCCESS
watercnn_SS_TPQ1_I48_B48,watercnn,SS_TPQ1_I48_B48,1.0,48.0,48.0,41.5511,39.0662,32594.2,23202,SUCCESS
watercnn_SS_TPQ1_I48_B48,watercnn,SS_TPQ1_I48_B48,1.0,48.0,48.0,37.6603,35.3834,32592.7,23038,SUCCESS
watercnn_SS_TPQ1_I48_B48,watercnn,SS_TPQ1_I48_B48,1.0,48.0,48.0,37.8951,29.6001,32598.2,23127,SUCCESS
watercnn_SS_TPQ1_I48_B48,watercnn,SS_TPQ1_I48_B48,1.0,48.0,48.0,36.5675,39.2448,32600.8,23009,SUCCESS
watercnn_SS_TPQ1_I48_B48,watercnn,SS_TPQ1_I48_B48,1.0,48.0,48.0,36.6222,37.556,32589.0,23087,SUCCESS
watercnn_SS_TPQ1_I48_B48,watercnn,SS_TPQ1_I48_B48,1.0,48.0,48.0,35.9737,35.9213,32592.1,23530,SUCCESS
watercnn_SS_TPQ1_I48_B48,watercnn,SS_TPQ1_I48_B48,1.0,48.0,48.0,38.4941,37.986,32591.3,23054,SUCCESS
watercnn_SS_TPQ1_I48_B48,watercnn,SS_TPQ1_I48_B48,1.0,48.0,48.0,39.4324,36.2027,32587.4,23023,SUCCESS
watercnn_SS_TPQ1_I48_B48,watercnn,SS_TPQ1_I48_B48,1.0,48.0,48.0,39.4374,37.1665,32587.3,23040,SUCCESS
watercnn_SS_TPQ1_I48_B48,watercnn,SS_TPQ1_I48_B48,1.0,48.0,48.0,41.0319,34.3318,32585.2,23065,SUCCESS
mmcp_transformer_SS_TPQ1_I4_B4,mmcp_transformer,SS_TPQ1_I4_B4,1,4,4,532.663,1727.56,34981.4,25379,SUCCESS
mmcp_transformer_SS_TPQ1_I4_B4,mmcp_transformer,SS_TPQ1_I4_B4,1,4,4,-1,-1,-1,24918,FAILED_RC_124
mmcp_transformer_SS_TPQ1_I4_B4,mmcp_transformer,SS_TPQ1_I4_B4,1,4,4,-1,-1,-1,25159,FAILED_RC_1
mmcp_transformer_SS_TPQ1_I4_B4,mmcp_transformer,SS_TPQ1_I4_B4,1,4,4,1353.29,276.141,35024.1,25310,SUCCESS
mmcp_transformer_SS_TPQ1_I4_B4,mmcp_transformer,SS_TPQ1_I4_B4,1,4,4,1676.29,1273.14,34953.7,24912,SUCCESS
mmcp_transformer_SS_TPQ1_I4_B4,mmcp_transformer,SS_TPQ1_I4_B4,1,4,4,-1,-1,-1,25215,FAILED_RC_124
mmcp_transformer_SS_TPQ1_I4_B4,mmcp_transformer,SS_TPQ1_I4_B4,1,4,4,-1,-1,-1,24938,FAILED_RC_124
mmcp_transformer_SS_TPQ1_I4_B4,mmcp_transformer,SS_TPQ1_I4_B4,1,4,4,-1,-1,-1,25179,FAILED_RC_124
mmcp_transformer_SS_TPQ1_I4_B4,mmcp_transformer,SS_TPQ1_I4_B4,1,4,4,-1,-1,-1,24962,FAILED_RC_124
mmcp_transformer_SS_TPQ1_I4_B4,mmcp_transformer,SS_TPQ1_I4_B4,1,4,4,-1,-1,-1,25176,FAILED_RC_1
mmcp_transformer_SS_TPQ1_I8_B8,mmcp_transformer,SS_TPQ1_I8_B8,1,8,8,564.439,692.12,35085.9,24981,SUCCESS
mmcp_transformer_SS_TPQ1_I8_B8,mmcp_transformer,SS_TPQ1_I8_B8,1,8,8,451.24,784.996,35081.8,24913,SUCCESS
mmcp_transformer_SS_TPQ1_I8_B8,mmcp_transformer,SS_TPQ1_I8_B8,1,8,8,582.528,549.884,35084.9,24914,SUCCESS
mmcp_transformer_SS_TPQ1_I8_B8,mmcp_transformer,SS_TPQ1_I8_B8,1,8,8,538.663,323.924,35040.5,24945,SUCCESS
mmcp_transformer_SS_TPQ1_I8_B8,mmcp_transformer,SS_TPQ1_I8_B8,1,8,8,700.4,524.06,34950.4,24898,SUCCESS
mmcp_transformer_SS_TPQ1_I8_B8,mmcp_transformer,SS_TPQ1_I8_B8,1,8,8,738.882,341.307,34948.3,25156,SUCCESS
mmcp_transformer_SS_TPQ1_I8_B8,mmcp_transformer,SS_TPQ1_I8_B8,1,8,8,471.113,362.684,35079.1,24945,SUCCESS
mmcp_transformer_SS_TPQ1_I8_B8,mmcp_transformer,SS_TPQ1_I8_B8,1,8,8,707.706,632.622,35009.6,24906,SUCCESS
mmcp_transformer_SS_TPQ1_I8_B8,mmcp_transformer,SS_TPQ1_I8_B8,1,8,8,638.655,337.824,34953.7,24913,SUCCESS
mmcp_transformer_SS_TPQ1_I12_B12,mmcp_transformer,SS_TPQ1_I12_B12,1,12,12,471.955,408.168,34955.1,24910,SUCCESS
mmcp_transformer_SS_TPQ1_I12_B12,mmcp_transformer,SS_TPQ1_I12_B12,1,12,12,441.803,436.067,35077.1,24953,SUCCESS
mmcp_transformer_SS_TPQ1_I12_B12,mmcp_transformer,SS_TPQ1_I12_B12,1,12,12,469.223,449.241,35068.4,24915,SUCCESS
mmcp_transformer_SS_TPQ1_I12_B12,mmcp_transformer,SS_TPQ1_I12_B12,1,12,12,452.579,444.993,35087.9,24902,SUCCESS
mmcp_transformer_SS_TPQ1_I12_B12,mmcp_transformer,SS_TPQ1_I12_B12,1,12,12,487.007,466.549,35070.7,24955,SUCCESS
mmcp_transformer_SS_TPQ1_I12_B12,mmcp_transformer,SS_TPQ1_I12_B12,1,12,12,433.945,398.383,35079.5,24961,SUCCESS
mmcp_transformer_SS_TPQ1_I12_B12,mmcp_transformer,SS_TPQ1_I12_B12,1,12,12,461.962,263.271,35088,25155,SUCCESS
mmcp_transformer_SS_TPQ1_I12_B12,mmcp_transformer,SS_TPQ1_I12_B12,1,12,12,475.072,477.003,35080.4,24907,SUCCESS
mmcp_transformer_SS_TPQ1_I12_B12,mmcp_transformer,SS_TPQ1_I12_B12,1,12,12,436.526,474.307,35058.7,24955,SUCCESS
mmcp_transformer_SS_TPQ1_I12_B12,mmcp_transformer,SS_TPQ1_I12_B12,1,12,12,455.108,456.562,35107.4,24915,SUCCESS
mmcp_transformer_SS_TPQ1_I24_B24,mmcp_transformer,SS_TPQ1_I24_B24,1,24,24,599.123,636.183,35078.7,24923,SUCCESS
mmcp_transformer_SS_TPQ1_I24_B24,mmcp_transformer,SS_TPQ1_I24_B24,1,24,24,570.133,655.756,34948.9,24911,SUCCESS
mmcp_transformer_SS_TPQ1_I24_B24,mmcp_transformer,SS_TPQ1_I24_B24,1,24,24,615.606,572.17,35021.8,25319,SUCCESS
mmcp_transformer_SS_TPQ1_I24_B24,mmcp_transformer,SS_TPQ1_I24_B24,1,24,24,688.876,670.789,35077.7,24904,SUCCESS
mmcp_transformer_SS_TPQ1_I24_B24,mmcp_transformer,SS_TPQ1_I24_B24,1,24,24,663.106,603.522,34951.8,24946,SUCCESS
mmcp_transformer_SS_TPQ1_I24_B24,mmcp_transformer,SS_TPQ1_I24_B24,1,24,24,658.037,628.847,35041.2,25174,SUCCESS
mmcp_transformer_SS_TPQ1_I24_B24,mmcp_transformer,SS_TPQ1_I24_B24,1,24,24,620.468,575.947,35087.5,24921,SUCCESS
mmcp_transformer_SS_TPQ1_I24_B24,mmcp_transformer,SS_TPQ1_I24_B24,1,24,24,636.719,618.09,35080,24924,SUCCESS
mmcp_transformer_SS_TPQ1_I24_B24,mmcp_transformer,SS_TPQ1_I24_B24,1,24,24,597.406,621.269,35077.1,25195,SUCCESS
mmcp_transformer_SS_TPQ1_I24_B24,mmcp_transformer,SS_TPQ1_I24_B24,1,24,24,613.835,563.994,34958.4,24924,SUCCESS
mmcp_transformer_SS_TPQ1_I48_B48,mmcp_transformer,SS_TPQ1_I48_B48,1,48,48,771.81,781.657,34969.3,25409,SUCCESS
mmcp_transformer_SS_TPQ1_I48_B48,mmcp_transformer,SS_TPQ1_I48_B48,1,48,48,783.566,798.49,34904.1,24902,SUCCESS
mmcp_transformer_SS_TPQ1_I48_B48,mmcp_transformer,SS_TPQ1_I48_B48,1,48,48,816.349,824.241,35022.6,25222,SUCCESS
mmcp_transformer_SS_TPQ1_I48_B48,mmcp_transformer,SS_TPQ1_I48_B48,1,48,48,799.495,873.868,34888.4,24913,SUCCESS
mmcp_transformer_SS_TPQ1_I48_B48,mmcp_transformer,SS_TPQ1_I48_B48,1,48,48,817.302,650.389,35022.7,24957,SUCCESS
mmcp_transformer_SS_TPQ1_I48_B48,mmcp_transformer,SS_TPQ1_I48_B48,1,48,48,793.331,865.73,34898.9,25185,SUCCESS
mmcp_transformer_SS_TPQ1_I48_B48,mmcp_transformer,SS_TPQ1_I48_B48,1,48,48,767.762,805.63,34909.2,25590,SUCCESS
mmcp_transformer_SS_TPQ1_I48_B48,mmcp_transformer,SS_TPQ1_I48_B48,1,48,48,749.764,774.775,35037,25750,SUCCESS
mmcp_transformer_SS_TPQ1_I48_B48,mmcp_transformer,SS_TPQ1_I48_B48,1,48,48,803.031,887.055,35079.8,25440,SUCCESS
mmcp_transformer_SS_TPQ1_I48_B48,mmcp_transformer,SS_TPQ1_I48_B48,1,48,48,792.264,797.856,34962.9,24921,SUCCESS
