model,provider,runs,time_mean,time_median,time_min,time_max,time_p25,time_p75,time_std_dev,time_ci_lower,time_ci_upper,time_ci3sigma_lower,time_ci3sigma_upper,time_3sigma_lower,time_3sigma_upper,time_whisker_lower,time_whisker_upper,mem_mean,mem_median,mem_min,mem_max,mem_p25,mem_p75,mem_std_dev,mem_ci_lower,mem_ci_upper,mem_ci3sigma_lower,mem_ci3sigma_upper,mem_3sigma_lower,mem_3sigma_upper,mem_whisker_lower,mem_whisker_upper
mmcp_transformer,AIX,10,18.93848,18.84585,18.2019,19.9726,18.70665,19.13525,0.4864500837701647,18.636975114392087,19.23998488560791,18.47699293019197,19.399967069808028,17.479129748689505,20.39783025131049,18.06375,19.778149999999997,181015.4,180718.5,179683,182759,180445.0,181295.0,983.8013801350127,180405.63358721702,181625.16641278297,180082.08406206686,181948.71593793313,178063.99585959496,183966.80414040503,179170.0,182570.0
mmcp_transformer,PHYDLL_CPP_DLR96_I1,10,42.927279999999996,41.96295,36.7978,48.2026,40.8793,46.05735,3.573193888075173,40.712591483288776,45.141968516711216,39.5374506376869,46.31710936231309,32.20769833577448,53.64686166422551,33.112225,53.824425,219995.8,219904.5,217275,222772,219583.75,220587.25,1380.7562179231109,219139.99842975292,220851.60157024706,218685.89963737695,221305.70036262303,215853.53134623065,224138.06865376933,218078.5,222092.5
mmcp_transformer,PHYDLL_PY_DLR96_I1,10,45.21851,44.955349999999996,38.9263,55.3992,43.035675,46.079375,4.378804599037911,42.504498791491095,47.93252120850891,41.06441121146596,49.372608788534045,32.08209620288627,58.354923797113734,38.470124999999996,50.644925,214916.0,214936.0,213704,216593,214269.25,215142.25,862.2274770744796,214381.58587300775,215450.41412699225,214098.0191933792,215733.9808066208,212329.31756877655,217502.68243122345,212959.75,216451.75
mmcp_transformer,SS_DEFAULT,10,855.525,858.4445000000001,819.598,897.999,831.9065,870.621,28.465631113092623,837.8818190471007,873.1681809528992,828.5201311945419,882.529868805458,770.1281066607221,940.9218933392779,773.8347500000002,928.6927499999999,24992.9,24937.5,24913,25291,24929.25,24967.25,126.35791317611343,24914.582554019627,25071.217445980375,24873.026358193307,25112.773641806696,24613.826260471662,25371.97373952834,24872.25,25024.25
mmcp_transformer,SS_TPQ12_I1_B12,10,100.02198,101.465,94.156,103.928,97.96154999999999,102.341,3.4528870000495386,97.88185846502488,102.16210153497512,96.74628377299726,103.29767622700274,89.66331899985138,110.38064100014861,91.39237499999999,108.91017500000001,26566.5,26564.0,26423,26749,26492.5,26638.0,102.98031095527166,26502.672141992876,26630.327858007124,26468.804298968684,26664.195701031316,26257.559067134185,26875.440932865815,26274.25,26856.25
mmcp_transformer,SS_TPQ12_I8_B96,10,99.98809,99.91380000000001,95.8446,104.158,97.765825,102.151,2.9914486399476146,98.1339709236931,101.8422090763069,97.15015263830577,102.82602736169423,91.01374408015715,108.96243591984285,91.18806250000003,108.72876249999999,26619.8,26657.0,26264,26941,26595.5,26709.75,189.2927186484819,26502.47515745873,26737.124842541267,26440.22115937561,26799.378840624388,26051.921844054552,27187.678155945447,26424.125,26881.125
mmcp_transformer,SS_TPQ1_I12_B12,10,427.45439999999996,447.11699999999996,263.271,477.003,415.14275,464.05224999999996,63.29437896966487,388.2241374765195,466.6846625234804,367.4080798109992,487.50072018900073,237.57126309100536,617.3375369089946,341.7785,537.4164999999999,24952.8,24934.0,24902,25155,24911.25,24955.0,74.78086505101274,24906.45033964406,24999.14966035594,24881.856642312334,25023.743357687665,24728.457404846962,25177.142595153036,24845.625,25020.625
mmcp_transformer,SS_TPQ1_I1_B1,10,853.3704,840.0815,814.943,959.388,832.16275,849.9622499999999,42.008414612630496,827.333314870552,879.407485129448,813.5177186794164,893.2230813205837,727.3451561621085,979.3956438378915,805.4635000000001,876.6614999999999,25151.5,25213.0,24922,25423,24926.5,25311.25,206.0869557573534,25023.765981456258,25279.234018543742,24955.988747126925,25347.011252873075,24533.23913272794,25769.76086727206,24349.375,25888.375
mmcp_transformer,SS_TPQ1_I1_B96,10,827.6343999999999,825.828,814.957,841.702,823.5997500000001,833.83325,8.302901088709236,822.488208589027,832.7805914109729,819.7575764117761,835.5112235882237,802.7256967338722,852.5431032661277,808.2495000000001,849.1834999999999,25014.2,24940.5,24919,25263,24923.75,25109.25,131.79344107773767,24932.51357892254,25095.886421077463,24889.169763656948,25139.230236343054,24618.819676766787,25409.580323233215,24645.5,25387.5
mmcp_transformer,SS_TPQ1_I1_B96_BATCH10,10,814.8680999999999,814.2429999999999,787.54,829.996,810.8100000000001,826.5995,13.596790384744004,806.440722009201,823.2954779907989,801.9690520548994,827.7671479451004,774.0777288457679,855.658471154232,787.1257500000002,850.28375,25347.2,25311.0,24928,25961,25121.25,25465.0,337.6802563899103,25137.9036087119,25556.496391288103,25026.848380681477,25667.551619318525,24334.15923083027,26360.24076916973,24605.625,25980.625
mmcp_transformer,SS_TPQ1_I1_B96_BATCH100,10,760.8817000000001,760.293,758.197,770.336,759.23275,760.721,3.470729960045236,758.730519283843,763.0328807161573,757.5890764548617,764.1743235451386,750.4695101198645,771.2938898801358,757.0003750000001,762.953375,35083.5,35017.0,34888,35308,35006.5,35221.5,154.91234080386667,34987.48433641674,35179.51566358326,34936.53724961746,35230.46275038254,34618.7629775884,35548.2370224116,34684.0,35544.0
mmcp_transformer,SS_TPQ1_I24_B24,10,614.6567,619.6795,563.994,670.789,582.8407500000001,634.3489999999999,35.83061244879237,592.4486563217945,636.8647436782055,580.6647964109098,648.6486035890902,507.1648626536229,722.1485373463771,505.5783750000003,711.6113749999997,25014.1,24924.0,24904,25319,24921.5,25117.0,153.4234879888561,24919.007136951994,25109.192863048003,24868.54969941632,25159.65030058368,24553.82953603343,25474.370463966567,24628.25,25410.25
mmcp_transformer,SS_TPQ1_I2_B2,10,535.0148999999999,551.385,432.58,580.257,515.12275,575.07475,51.729737317996204,502.9524766333326,567.0773233666672,485.9397621938765,584.0900378061233,379.8256880460113,690.2041119539886,425.19475,665.00275,25054.2,24935.0,24911,25275,24925.0,25235.0,166.6265285001161,24950.923807661206,25157.476192338796,24896.124195399803,25212.275804600198,24554.320414499653,25554.07958550035,24460.0,25700.0
mmcp_transformer,SS_TPQ1_I48_B48,10,805.9691,802.06,650.389,887.055,785.70675,855.35775,67.4797115294664,764.1447414802893,847.7934585197107,741.9522247147286,869.9859752852715,603.5299654116009,1008.4082345883992,681.2302500000001,959.8342499999999,25228.9,25203.5,24902,25750,24930.0,25432.25,308.45509307587133,25037.7175526002,25420.082447399804,24936.273805000306,25521.526194999697,24303.534720772386,26154.265279227617,24176.625,26185.625
mmcp_transformer,SS_TPQ1_I4_B4,3,1092.2803333333334,1273.14,276.141,1727.56,774.6405000000001,1500.35,742.4196540100036,252.15340662841834,1932.4072600382483,-193.62822794969975,2378.1888946163663,-1134.978628696677,3319.5392953633436,-313.9237499999996,2588.91425,25200.333333333332,25310.0,24912,25379,25111.0,25344.5,252.07604672664425,24915.082433402917,25485.584233263748,24763.724813031677,25636.941853634988,24444.1051931534,25956.561473513266,24760.75,25694.75
mmcp_transformer,SS_TPQ1_I8_B8,10,483.78149999999994,443.37199999999996,288.394,784.996,338.69475,611.9375,177.099586870244,374.0140388317749,593.548961168225,315.7700798445534,651.7929201554465,-47.51726061073202,1015.0802606107319,-71.169375,1021.8016250000001,24948.3,24913.5,24898,25156,24912.25,24945.0,77.12623130657659,24900.49666657834,24996.10333342166,24875.13163251787,25021.468367482128,24716.92130608027,25179.67869391973,24863.125,24994.125
mmcp_transformer,SS_TPQ1_I96_B96,10,971.8693,972.424,949.851,988.531,965.3835,979.22925,11.692237510892042,964.622376110297,979.116223889703,960.777069556577,982.9615304434229,936.7925874673239,1006.946012532676,944.6148750000001,999.9978749999999,25005.0,24946.0,24929,25266,24933.75,24996.75,119.61140785430497,24930.864081340045,25079.135918659955,24891.526655112313,25118.473344887687,24646.165776437087,25363.834223562913,24839.25,25091.25
mmcp_transformer,SS_TPQ1_I96_B96_BATCH100,10,47.3251,47.41035,45.9984,48.5829,46.378074999999995,48.14935,0.9880633515451668,46.712691989969215,47.93750801003078,46.38774080097328,48.262459199026715,44.3609099453645,50.2892900546355,43.72116249999999,50.8062625,35243.5,35238.5,35030,35521,35227.25,35256.75,130.08821793092733,35162.870487178836,35324.129512821164,35120.087480375776,35366.912519624224,34853.23534620722,35633.76465379278,35183.0,35301.0
mmcp_transformer,SS_TPQ24_I1_B24,10,57.460339999999995,57.6747,53.8721,59.8701,56.038925,59.12375,2.0907272595385984,56.164493819156576,58.756186180843414,55.476901968096804,59.443778031903186,51.1881582213842,63.73252177861579,51.4116875,63.75098750000001,29090.1,29106.0,28720,29366,29062.25,29191.5,199.55475439086888,28966.414681809034,29213.785318190963,28900.785737462807,29279.41426253719,28491.435736827392,29688.764263172605,28868.375,29385.375
mmcp_transformer,SS_TPQ24_I4_B96,10,64.19780999999999,64.19005,57.6031,70.7428,59.223525,69.0312,5.1949700385084014,60.97793421118823,67.41768578881175,59.26942869059424,69.12619130940574,48.612899884474785,79.7827201155252,44.51201250000001,83.7427125,28869.2,28875.5,28471,29169,28770.25,29039.0,219.78160877460962,28732.977947577412,29005.42205242259,28660.696858536856,29077.703141463146,28209.855173676173,29528.54482632383,28367.125,29442.125
mmcp_transformer,SS_TPQ2_I1_B2,10,441.15950000000004,441.3125,405.474,463.855,432.65075,455.85175000000004,17.780234526949688,430.139196466323,452.17980353367705,424.2916884688618,458.02731153113825,387.818796419151,494.5002035808491,397.84925,490.65325000000007,25093.6,25040.5,24917,25398,24934.5,25211.0,180.62127351019438,24981.6497748382,25205.550225161798,24922.247614548265,25264.952385451732,24551.736179469415,25635.463820530582,24519.75,25625.75
mmcp_transformer,SS_TPQ2_I48_B96,10,474.98099999999994,470.8355,464.047,502.415,467.396,479.149,11.73022993049251,467.7105281646643,482.25147183533556,463.8527267826495,486.1092732173504,439.79031020852244,510.17168979147743,449.76650000000006,496.7785,25205.2,25210.0,24934,25622,25040.25,25311.25,220.71842293343397,25068.39730414612,25342.00269585388,24995.808118591,25414.591881409,24543.044731199698,25867.355268800304,24633.75,25717.75
mmcp_transformer,SS_TPQ48_I1_B48,10,33.2076,32.7929,31.5132,35.9186,32.24375,34.08105,1.4330107644784487,32.319410726250965,34.095789273749034,31.848126621812696,34.5670733781873,28.908567706564654,37.506632293435345,29.4878,36.836999999999996,33581.4,33611.5,33039,34081,33375.25,33723.5,300.2096304621526,33395.32814327554,33767.47185672446,33296.59613766664,33866.203862333365,32680.771108613542,34482.02889138646,32852.875,34245.875
mmcp_transformer,SS_TPQ48_I2_B96,10,26.687959999999997,26.6037,25.4697,27.4727,26.525624999999998,27.049225,0.5793277007781426,26.32888897096686,27.047031029033132,26.138361486173768,27.237558513826226,24.949976897665568,28.425943102334426,25.740224999999995,27.834625000000003,32941.0,32920.0,32660,33165,32870.25,33051.25,154.3862400316528,32845.31041705366,33036.68958294634,32794.53635263316,33087.46364736684,32477.841279905042,33404.15872009496,32598.75,33322.75
mmcp_transformer,SS_TPQ4_I1_B4,10,234.1368,233.368,222.82,253.782,227.48425,238.897,9.256090232922325,228.3998158366417,239.8737841633583,225.35570179077808,242.9178982092219,206.36852930123302,261.90507069876696,210.36512500000003,256.016125,25207.9,25127.5,24910,25717,25008.0,25342.0,256.29299639280043,25049.04795507769,25366.752044922312,24964.759114914832,25451.04088508517,24439.0210108216,25976.7789891784,24507.0,25843.0
mmcp_transformer,SS_TPQ4_I24_B96,10,267.2044,265.251,262.023,277.27,263.522,271.05025,5.308573321628987,263.91411216681877,270.4946878331813,262.16824515329404,272.240554846706,251.27868003511307,283.130119964887,252.22962499999997,282.342625,25431.7,25445.0,25276,25626,25314.5,25519.0,126.53594131488667,25353.272211036026,25510.127788963975,25311.657465871467,25551.742534128534,25052.09217605534,25811.307823944662,25007.75,25825.75
mmcp_transformer,SS_TPQ8_I12_B96,10,112.53,112.374,107.251,117.042,111.488,115.06775,3.241823629447543,110.52069689744485,114.53930310255515,109.45453606751762,115.60546393248238,102.80452911165737,122.25547088834263,106.11837499999999,120.437375,25917.7,25952.5,25516,26123,25800.5,26086.75,202.22597371367615,25792.359042919812,26043.04095708019,25725.851596305834,26109.548403694167,25311.022078858972,26524.37792114103,25371.125,26516.125
mmcp_transformer,SS_TPQ8_I1_B8,10,131.04680000000002,130.433,127.334,135.055,129.3005,132.71975,2.588938426803113,129.44215933847636,132.65144066152368,128.59071735481072,133.50288264518932,123.27998471959069,138.81361528040935,124.17162499999999,137.84862500000003,25694.0,25731.5,25420,25955,25574.0,25806.5,174.84787038387907,25585.62816716918,25802.37183283082,25528.12474566711,25859.87525433289,25169.456388848364,26218.543611151636,25225.25,26155.25
mmcp_transformer,SS_TPQ96_I1_B96,10,19.799429999999997,19.7103,18.9788,20.4519,19.366725,20.323349999999998,0.5316780041633387,19.469892558906146,20.12896744109385,19.295035957509405,20.30382404249059,18.204395987509983,21.394464012490012,17.9317875,21.758287499999994,41180.0,41072.0,40839,41822,40995.5,41295.5,333.23031741491417,40973.46170946341,41386.53829053659,40863.8699634644,41496.1300365356,40180.309047755254,42179.690952244746,40545.5,41745.5
watercnn,AIX,10,0.23913220000000002,0.2390785,0.238038,0.24056,0.23847775000000002,0.23983675000000002,0.0008738875849393385,0.23859055886327898,0.23967384113672105,0.23830315744379438,0.23996124255620566,0.236510537245182,0.24175386275481803,0.23643925000000002,0.24187525,34016.0,33994.0,33837,34344,33978.0,34011.75,130.09227494359533,33935.36797261634,34096.63202738366,33892.583631555615,34139.416368444385,33625.723175169216,34406.276824830784,33927.375,34062.375
watercnn,PHYDLL_CPP_DLR96_I1,10,1.3413220000000001,1.3733,1.12605,1.54355,1.1766375,1.46977,0.16106966352068497,1.2414899882582693,1.441154011741731,1.1885179003953101,1.4941260996046901,0.8581130094379452,1.824530990562055,0.73693875,1.90946875,68780.0,68678.5,67589,70000,68389.75,69399.25,814.2320171657325,68275.3337672569,69284.6662327431,68007.55168457689,69552.44831542311,66337.3039485028,71222.6960514972,66875.5,70913.5
watercnn,PHYDLL_PY_DLR96_I1,10,1.248821,1.23031,1.07966,1.63082,1.1505349999999999,1.28108,0.15468846286434335,1.152944097401267,1.344697902598733,1.1020706388794903,1.3955713611205096,0.7847556114069699,1.7128863885930299,0.9547174999999997,1.4768975000000002,61946.0,61734.5,60880,63295,61654.0,62408.0,705.4757260175576,61508.74161487743,62383.25838512257,61276.72696154708,62615.27303845292,59829.572821947324,64062.427178052676,60523.0,63539.0
watercnn,SS_DEFAULT,10,10.01734,9.97499,9.21167,11.313,9.720582499999999,10.164150000000001,0.5924202243528005,9.650154140783052,10.38452585921695,9.45532082772916,10.579359172270841,8.240079326941599,11.794600673058403,9.055231249999995,10.829501250000003,23151.6,23136.0,22975,23565,23014.25,23162.25,178.95449452615352,23040.682855155548,23262.51714484445,22981.828859931964,23321.371140068033,22614.736516421537,23688.46348357846,22792.25,23384.25
watercnn,SS_TPQ12_I1_B12,10,2.328962,2.30811,2.18919,2.48505,2.2512524999999997,2.4070325,0.09695467816344802,2.268868867890203,2.3890551321097973,2.236982716158474,2.4209412838415263,2.0380979655096563,2.619826034490344,2.0175824999999987,2.6407025000000006,24110.4,24069.5,23943,24359,24029.5,24162.25,130.09244576240562,24029.767866741742,24191.03213325826,23986.983469502666,24233.816530497337,23720.122662712783,24500.67733728722,23830.375,24361.375
watercnn,SS_TPQ12_I8_B96,10,2.7104179999999998,2.6626950000000003,2.4577,3.26598,2.57116,2.77129,0.22630653507527743,2.5701517563571423,2.850684243642857,2.495724769934401,2.9251112300655984,2.0314983947741676,3.389337605225832,2.2709649999999995,3.071485,23859.2,23828.0,23694,24100,23746.0,23973.75,142.9730355307912,23770.584394491965,23947.815605508036,23723.563869120357,23994.836130879645,23430.280893407627,24288.119106592374,23404.375,24315.375
watercnn,SS_TPQ1_I12_B12,10,17.10489,17.732950000000002,10.2774,20.5009,17.124525000000002,18.5626,3.0090375258728685,15.239869219251485,18.969910780748517,14.25026635599717,19.959513644002833,8.077777422381395,26.132002577618607,14.967412500000005,20.719712499999996,23079.2,23076.5,23013,23142,23059.75,23105.75,44.115504958889204,23051.856926743487,23106.543073256515,23037.34835726044,23121.051642739563,22946.853485123334,23211.546514876667,22990.75,23174.75
watercnn,SS_TPQ1_I1_B1,10,9.934254999999999,9.778635,9.25961,11.1027,9.5721725,10.124,0.6012178518871326,9.561616314744247,10.30689368525575,9.363889665424868,10.50462033457513,8.1306014443386,11.737908555661397,8.744431250000002,10.951741250000001,23204.7,23124.5,23051,23526,23086.75,23301.0,167.75713265180576,23100.723051947934,23308.676948052067,23045.55161012439,23363.848389875613,22701.428602044583,23707.971397955418,22765.375,23622.375
watercnn,SS_TPQ1_I1_B96,10,9.58251,9.427985,8.79057,10.6035,9.217979999999999,9.9947625,0.6231757210539507,9.196261686434546,9.968758313565452,8.99131360168553,10.173706398314469,7.7129828368381474,11.452037163161851,8.052806249999996,11.159936250000001,23141.8,23090.5,23072,23357,23074.0,23130.25,108.52628969772972,23074.53470875539,23209.06529124461,23038.84292156437,23244.75707843563,22816.22113090681,23467.378869093187,22989.625,23214.625
watercnn,SS_TPQ1_I1_B96_BATCH10,10,11.15583,11.06045,10.4882,11.8252,10.91965,11.350125,0.40953605742758875,10.901996921814407,11.409663078185593,10.76730998236899,11.54435001763101,9.927221827717233,12.384438172282767,10.273937500000002,11.9958375,23640.1,23635.5,23612,23685,23620.25,23653.75,23.797525548304854,23625.350140851897,23654.8498591481,23617.52368497739,23662.676315022607,23568.707423355085,23711.492576644912,23570.0,23704.0
watercnn,SS_TPQ1_I1_B96_BATCH100,10,12.392639999999998,12.4204,12.0674,12.7506,12.344225,12.432599999999999,0.1881006125573348,12.276054032469006,12.509225967530991,12.214192090513784,12.571087909486213,11.828338162327993,12.956941837672003,12.211662500000001,12.565162499999998,35256.4,35213.5,35084,35534,35203.0,35290.25,123.7095163859452,35179.72404735657,35333.075952643434,35139.03884799475,35373.76115200525,34885.27145084216,35627.52854915784,35072.125,35421.125
watercnn,SS_TPQ1_I24_B24,10,21.95691,22.6797,13.0359,25.5124,21.6381,23.838124999999998,3.558570675441351,19.75128504438062,24.162534955619382,18.580953435276456,25.332866564723545,11.281197973675948,32.63262202632406,18.338062500000007,27.138162499999993,23105.7,23080.0,23011,23441,23050.25,23108.75,124.07349972227483,23028.79844814743,23182.60155185257,22987.993543082805,23223.406456917197,22733.479500833175,23477.920499166827,22962.5,23196.5
watercnn,SS_TPQ1_I2_B2,10,9.967928,8.783760000000001,6.22452,16.3584,6.5922125000000005,13.0572,3.7329628359515654,7.654213663455788,12.281642336544213,6.42652850528947,13.509327494710531,-1.2309605078546966,21.166816507854698,-3.1052687499999987,22.754681249999997,23149.7,23073.5,23001,23540,23058.0,23095.5,188.07566444267997,23033.129495470672,23266.27050452933,22971.27575837348,23328.124241626523,22585.47300667196,23713.92699332804,23001.75,23151.75
watercnn,SS_TPQ1_I48_B48,10,36.24588,36.6846,29.6001,39.2448,35.517875000000004,37.878499999999995,2.813082172359073,34.50231360566567,37.98944639433433,33.57715592703929,38.91460407296071,27.80663348292278,44.68512651707722,31.976937500000016,41.41943749999999,23117.5,23059.5,23009,23530,23038.5,23117.0,155.68290422094094,23021.00673626275,23213.99326373725,22969.806228973597,23265.193771026403,22650.45128733718,23584.54871266282,22920.75,23234.75
watercnn,SS_TPQ1_I4_B4,10,8.850469999999998,8.920525000000001,3.97679,17.5883,4.326677500000001,10.959275000000002,4.698824904559768,5.938108151152493,11.762831848847503,4.392773292580347,13.308166707419648,-5.246004713679305,22.9469447136793,-5.62221875,20.908171250000002,23258.8,23151.0,23063,23557,23098.25,23439.75,199.66739009329157,23135.044869477395,23382.555130522604,23069.378881853158,23448.22111814684,22659.797829720126,23857.802170279872,22586.0,23952.0
watercnn,SS_TPQ1_I8_B8,10,18.67164,18.9608,14.0582,22.518,16.768725,20.611325,2.616053571996483,17.05019319736848,20.29308680263152,16.189833669441548,21.153446330558452,10.823479284010551,26.519800715989447,11.004824999999999,26.375225,23109.0,23063.5,23024,23431,23054.25,23117.75,118.78365020302901,23035.37713084766,23182.62286915234,22996.311934970912,23221.688065029088,22752.64904939091,23465.35095060909,22959.0,23213.0
watercnn,SS_TPQ1_I96_B96,10,44.38637000000001,44.378,43.3207,45.4143,43.941449999999996,44.88155,0.6500184699085263,43.98348437832665,44.78925562167336,43.76970833417344,45.003031665826576,42.43631459027443,46.336425409725585,42.531299999999995,46.2917,23168.6,23104.5,23040,23596,23052.5,23138.0,184.9103085883051,23053.991403355205,23283.208596644792,22993.17867860491,23344.02132139509,22613.869074235085,23723.330925764913,22924.25,23266.25
watercnn,SS_TPQ1_I96_B96_BATCH100,10,3.014323,2.9973549999999998,2.79247,3.3273,2.939945,3.0092974999999997,0.1479007689146868,2.9226531536977145,3.1059928463022857,2.874012010761808,3.1546339892381923,2.5706206932559397,3.4580253067440605,2.83591625,3.1133262499999996,35278.6,35229.5,35196,35501,35208.75,35325.5,99.27649380504039,35217.06779164625,35340.132208353745,35184.41804843814,35372.781951561854,34980.770518584875,35576.42948141512,35033.625,35500.625
watercnn,SS_TPQ24_I1_B24,10,1.6728960000000002,1.699635,1.50535,1.81162,1.617035,1.7282625,0.09578221931954686,1.6135295654104722,1.732262434589528,1.5820290082813349,1.7637629917186655,1.3855493420413596,1.9602426579586407,1.45019375,1.89510375,25846.3,25864.0,25267,26293,25681.5,26048.25,303.49777593913274,25658.19012959443,26034.40987040557,25558.376728971067,26134.22327102893,24935.8066721826,26756.7933278174,25131.375,26598.375
watercnn,SS_TPQ24_I4_B96,10,1.599201,1.6057350000000001,1.3606,1.82211,1.5135825,1.6846325,0.13409090386334518,1.516090596735107,1.6823114032648931,1.4719911990843475,1.7264108009156527,1.1969282884099646,2.0014737115900356,1.2570075000000003,1.9412075,25707.2,25700.0,25386,25965,25584.75,25823.75,184.66413957356323,25592.743980491294,25821.656019508708,25532.012215037692,25882.38778496231,25153.207581279312,26261.19241872069,25226.25,26182.25
watercnn,SS_TPQ2_I1_B2,10,6.308555,6.20277,4.91662,8.16526,5.3680775,7.042565,1.076856434744205,5.641112466827168,6.9759975331728326,5.28695928595995,7.33015071404005,3.0779856957673855,9.539124304232615,2.8563462500000005,9.55429625,23321.8,23295.5,23069,23590,23158.5,23506.75,197.47956293697274,23199.40089879778,23444.19910120222,23134.45443693538,23509.14556306462,22729.36131118908,23914.238688810918,22636.125,24029.125
watercnn,SS_TPQ2_I48_B96,10,22.79144,23.048250000000003,20.9797,24.1045,22.41085,23.25915,0.9219089641728313,22.22003490406591,23.362845095934095,21.916840363366187,23.666039636633815,20.025713107481508,25.557166892518495,21.138399999999997,24.531600000000005,23182.7,23137.5,23068,23340,23092.75,23278.75,109.14826816969861,23115.049202504495,23250.350797495506,23079.152860976268,23286.247139023733,22855.255195490903,23510.1448045091,22813.75,23557.75
watercnn,SS_TPQ48_I1_B48,10,1.502007,1.5096500000000002,1.34039,1.63566,1.3979225,1.59864,0.11674864729647003,1.4296454387167012,1.574368561283299,1.3912495082398486,1.6127644917601516,1.1517610581105902,1.85225294188941,1.0968462499999998,1.8997162500000002,29211.1,29218.5,28007,30036,29042.25,29581.75,589.6014567296945,28845.661231056267,29576.53876894373,28651.754945494285,29770.44505450571,27442.295629810917,30979.90437018908,28233.0,30391.0
watercnn,SS_TPQ48_I2_B96,10,1.447843,1.464815,1.07658,1.65247,1.3174175,1.61833,0.19055128070650404,1.3297380926134483,1.5659479073865517,1.2670701825716044,1.6286158174283956,0.8761891578804879,2.019496842119512,0.8660487499999997,2.06969875,28434.2,28575.5,27321,28938,28290.25,28686.75,467.34208265704285,28144.538376181987,28723.861623818015,27990.840371707123,28877.55962829288,27032.173752028873,29836.226247971128,27695.5,29281.5
watercnn,SS_TPQ4_I1_B4,10,3.691935,3.68627,3.46495,4.1248,3.5904350000000003,3.7301875,0.17988097560146069,3.5804436162357764,3.8034263837642235,3.5212849228098624,3.8625850771901376,3.1522920731956177,4.231577926804382,3.380806250000001,3.93981625,23347.8,23354.5,23202,23529,23256.75,23399.25,119.87011489293086,23273.503733056245,23422.096266943754,23234.081224065678,23461.51877593432,22988.189655321206,23707.410344678792,23043.0,23613.0
watercnn,SS_TPQ4_I24_B96,10,10.381796999999999,10.184899999999999,9.07353,12.2802,9.887245,10.710374999999999,0.9440811929307541,9.796649414305152,10.966944585694845,9.486162940262988,11.27743105973701,7.549553421207737,13.214040578792261,8.652550000000002,11.945069999999998,23265.9,23226.0,23190,23479,23211.75,23263.25,95.81631732991342,23206.512431244693,23325.28756875531,23175.000660068403,23356.7993399316,22978.45104801026,23553.34895198974,23134.5,23340.5
watercnn,SS_TPQ8_I12_B96,10,4.29974,4.3573450000000005,2.88771,4.86394,4.239815,4.6004675,0.5433918727564645,3.962942227932774,4.636537772067226,3.784233206019552,4.815246793980448,2.6695643817306065,5.929915618269393,3.6988362500000007,5.1414462499999996,23467.4,23469.0,23390,23607,23409.0,23502.0,67.30560485163508,23425.683553917217,23509.116446082786,23403.548296812067,23531.251703187936,23265.483185445097,23669.316814554906,23269.5,23641.5
watercnn,SS_TPQ8_I1_B8,10,2.5503080000000002,2.5724400000000003,2.32182,2.70166,2.5350875000000004,2.62127,0.11646605550307104,2.478121590924883,2.6224944090751174,2.4398185983544125,2.660797401645588,2.2009098334907873,2.899706166509213,2.405813750000001,2.7505437499999994,23631.1,23600.5,23419,23988,23489.5,23772.5,192.24894162401924,23511.94287147542,23750.257128524576,23448.716640013405,23813.483359986592,23054.35317512794,24207.846824872056,23065.0,24197.0
watercnn,SS_TPQ96_I1_B96,10,1.6564489999999998,1.6103399999999999,1.33416,1.9521,1.562775,1.768435,0.19380186998581822,1.536329356504818,1.7765686434951817,1.472592402813497,1.8403055971865028,1.0750433900425451,2.2378546099574548,1.254285,2.076925,33405.4,33224.0,31829,35973,32738.5,34088.75,1257.7847545939205,32625.81693237247,34184.98306762754,32212.160610774186,34598.63938922582,29632.04573621824,37178.75426378176,30713.125,36114.125
